timestamp,trend
2017-05-01 00:00:00,
2017-05-01 01:00:00,
2017-05-01 02:00:00,
2017-05-01 03:00:00,
2017-05-01 04:00:00,
2017-05-01 05:00:00,
2017-05-01 06:00:00,
2017-05-01 07:00:00,
2017-05-01 08:00:00,
2017-05-01 09:00:00,
2017-05-01 10:00:00,
2017-05-01 11:00:00,
2017-05-01 12:00:00,15.602083333333333
2017-05-01 13:00:00,15.695659722222219
2017-05-01 14:00:00,15.78611111111111
2017-05-01 15:00:00,15.869791666666666
2017-05-01 16:00:00,15.951215277777775
2017-05-01 17:00:00,16.028993055555553
2017-05-01 18:00:00,16.091840277777777
2017-05-01 19:00:00,16.14739583333333
2017-05-01 20:00:00,16.20815972222222
2017-05-01 21:00:00,16.282291666666666
2017-05-01 22:00:00,16.38003472222222
2017-05-01 23:00:00,16.487152777777773
2017-05-02 00:00:00,16.5765625
2017-05-02 01:00:00,16.639583333333334
2017-05-02 02:00:00,16.69739583333333
2017-05-02 03:00:00,16.763020833333332
2017-05-02 04:00:00,16.825
2017-05-02 05:00:00,16.883680555555557
2017-05-02 06:00:00,16.944444444444443
2017-05-02 07:00:00,17.009027777777778
2017-05-02 08:00:00,17.08784722222222
2017-05-02 09:00:00,17.167881944444446
2017-05-02 10:00:00,17.238194444444442
2017-05-02 11:00:00,17.309548611111108
2017-05-02 12:00:00,17.37847222222222
2017-05-02 13:00:00,17.438541666666666
2017-05-02 14:00:00,17.497743055555556
2017-05-02 15:00:00,17.558333333333334
2017-05-02 16:00:00,17.623263888888893
2017-05-02 17:00:00,17.697916666666668
2017-05-02 18:00:00,17.777430555555558
2017-05-02 19:00:00,17.861631944444447
2017-05-02 20:00:00,17.962673611111118
2017-05-02 21:00:00,18.06805555555556
2017-05-02 22:00:00,18.147048611111117
2017-05-02 23:00:00,18.191666666666666
2017-05-03 00:00:00,18.224305555555553
2017-05-03 01:00:00,18.26701388888889
2017-05-03 02:00:00,18.31388888888889
2017-05-03 03:00:00,18.36614583333333
2017-05-03 04:00:00,18.42673611111111
2017-05-03 05:00:00,18.5046875
2017-05-03 06:00:00,18.60138888888889
2017-05-03 07:00:00,18.708680555555553
2017-05-03 08:00:00,18.811458333333334
2017-05-03 09:00:00,18.90034722222222
2017-05-03 10:00:00,18.983159722222222
2017-05-03 11:00:00,19.063020833333333
2017-05-03 12:00:00,19.143055555555556
2017-05-03 13:00:00,19.209375
2017-05-03 14:00:00,19.266840277777778
2017-05-03 15:00:00,19.315625
2017-05-03 16:00:00,19.34913194444444
2017-05-03 17:00:00,19.376215277777774
2017-05-03 18:00:00,19.413368055555555
2017-05-03 19:00:00,19.46822916666667
2017-05-03 20:00:00,19.509548611111114
2017-05-03 21:00:00,19.52934027777778
2017-05-03 22:00:00,19.553645833333334
2017-05-03 23:00:00,19.600694444444443
2017-05-04 00:00:00,19.659201388888892
2017-05-04 01:00:00,19.708159722222224
2017-05-04 02:00:00,19.758680555555557
2017-05-04 03:00:00,19.821354166666666
2017-05-04 04:00:00,19.899131944444445
2017-05-04 05:00:00,19.972916666666666
2017-05-04 06:00:00,20.033680555555556
2017-05-04 07:00:00,20.09409722222222
2017-05-04 08:00:00,20.150868055555556
2017-05-04 09:00:00,20.198611111111106
2017-05-04 10:00:00,20.23645833333333
2017-05-04 11:00:00,20.265972222222224
2017-05-04 12:00:00,20.277604166666663
2017-05-04 13:00:00,20.29618055555555
2017-05-04 14:00:00,20.328645833333333
2017-05-04 15:00:00,20.355902777777775
2017-05-04 16:00:00,20.389409722222226
2017-05-04 17:00:00,20.433333333333334
2017-05-04 18:00:00,20.476388888888888
2017-05-04 19:00:00,20.529861111111114
2017-05-04 20:00:00,20.595486111111114
2017-05-04 21:00:00,20.653819444444444
2017-05-04 22:00:00,20.708680555555556
2017-05-04 23:00:00,20.763368055555553
2017-05-05 00:00:00,20.812499999999996
2017-05-05 01:00:00,20.87534722222222
2017-05-05 02:00:00,20.965625
2017-05-05 03:00:00,21.06354166666667
2017-05-05 04:00:00,21.071180555555557
2017-05-05 05:00:00,20.899826388888894
2017-05-05 06:00:00,20.548611111111114
2017-05-05 07:00:00,20.153819444444444
2017-05-05 08:00:00,19.71666666666666
2017-05-05 09:00:00,19.228993055555556
2017-05-05 10:00:00,18.708680555555553
2017-05-05 11:00:00,18.184895833333336
2017-05-05 12:00:00,17.77690972222222
2017-05-05 13:00:00,17.48229166666667
2017-05-05 14:00:00,17.24253472222222
2017-05-05 15:00:00,16.99392361111111
2017-05-05 16:00:00,16.74010416666667
2017-05-05 17:00:00,16.486631944444444
2017-05-05 18:00:00,16.233506944444443
2017-05-05 19:00:00,15.968749999999998
2017-05-05 20:00:00,15.714583333333332
2017-05-05 21:00:00,15.491840277777778
2017-05-05 22:00:00,15.31232638888889
2017-05-05 23:00:00,15.164756944444445
2017-05-06 00:00:00,15.040972222222223
2017-05-06 01:00:00,14.933506944444446
2017-05-06 02:00:00,14.781076388888891
2017-05-06 03:00:00,14.485243055555555
2017-05-06 04:00:00,14.03611111111111
2017-05-06 05:00:00,13.455208333333333
2017-05-06 06:00:00,12.728472222222221
2017-05-06 07:00:00,11.8171875
2017-05-06 08:00:00,10.86302083333333
2017-05-06 09:00:00,9.921701388888888
2017-05-06 10:00:00,9.004166666666666
2017-05-06 11:00:00,8.161458333333332
2017-05-06 12:00:00,7.37829861111111
2017-05-06 13:00:00,6.716666666666665
2017-05-06 14:00:00,6.173958333333332
2017-05-06 15:00:00,5.764756944444444
2017-05-06 16:00:00,5.447222222222222
2017-05-06 17:00:00,5.1828125
2017-05-06 18:00:00,4.979861111111111
2017-05-06 19:00:00,4.820833333333334
2017-05-06 20:00:00,4.655208333333333
2017-05-06 21:00:00,4.463020833333334
2017-05-06 22:00:00,4.251736111111112
2017-05-06 23:00:00,4.05017361111111
2017-05-07 00:00:00,3.859895833333333
2017-05-07 01:00:00,3.6782986111111104
2017-05-07 02:00:00,3.558506944444444
2017-05-07 03:00:00,3.4946180555555544
2017-05-07 04:00:00,3.4609374999999987
2017-05-07 05:00:00,3.580902777777777
2017-05-07 06:00:00,3.842708333333333
2017-05-07 07:00:00,4.237152777777777
2017-05-07 08:00:00,4.739409722222222
2017-05-07 09:00:00,5.163194444444444
2017-05-07 10:00:00,5.519791666666666
2017-05-07 11:00:00,5.844270833333333
2017-05-07 12:00:00,6.1618055555555555
2017-05-07 13:00:00,6.507118055555555
2017-05-07 14:00:00,6.842708333333333
2017-05-07 15:00:00,7.1305555555555555
2017-05-07 16:00:00,7.346874999999999
2017-05-07 17:00:00,7.507638888888888
2017-05-07 18:00:00,7.631944444444444
2017-05-07 19:00:00,7.736284722222222
2017-05-07 20:00:00,7.850868055555555
2017-05-07 21:00:00,7.986284722222222
2017-05-07 22:00:00,8.109374999999998
2017-05-07 23:00:00,8.180555555555555
2017-05-08 00:00:00,8.240972222222222
2017-05-08 01:00:00,8.320833333333333
2017-05-08 02:00:00,8.387673611111111
2017-05-08 03:00:00,8.5109375
2017-05-08 04:00:00,8.773263888888888
2017-05-08 05:00:00,9.068402777777777
2017-05-08 06:00:00,9.434027777777777
2017-05-08 07:00:00,9.830902777777778
2017-05-08 08:00:00,10.078645833333333
2017-05-08 09:00:00,10.2796875
2017-05-08 10:00:00,10.511631944444444
2017-05-08 11:00:00,10.739930555555555
2017-05-08 12:00:00,10.95295138888889
2017-05-08 13:00:00,11.157638888888886
2017-05-08 14:00:00,11.362152777777778
2017-05-08 15:00:00,11.562847222222222
2017-05-08 16:00:00,11.758333333333333
2017-05-08 17:00:00,11.918055555555554
2017-05-08 18:00:00,12.031597222222222
2017-05-08 19:00:00,12.119444444444444
2017-05-08 20:00:00,12.188020833333333
2017-05-08 21:00:00,12.253645833333332
2017-05-08 22:00:00,12.322916666666666
2017-05-08 23:00:00,12.398090277777778
2017-05-09 00:00:00,12.435243055555555
2017-05-09 01:00:00,12.442187500000001
2017-05-09 02:00:00,12.48298611111111
2017-05-09 03:00:00,12.565798611111111
2017-05-09 04:00:00,12.656944444444443
2017-05-09 05:00:00,12.768749999999999
2017-05-09 06:00:00,12.906597222222222
2017-05-09 07:00:00,13.051215277777779
2017-05-09 08:00:00,13.279861111111112
2017-05-09 09:00:00,13.659548611111111
2017-05-09 10:00:00,14.154166666666665
2017-05-09 11:00:00,14.679687499999998
2017-05-09 12:00:00,15.078125
2017-05-09 13:00:00,15.271875
2017-05-09 14:00:00,15.349652777777777
2017-05-09 15:00:00,15.369965277777778
2017-05-09 16:00:00,15.377604166666666
2017-05-09 17:00:00,15.410243055555554
2017-05-09 18:00:00,15.455902777777776
2017-05-09 19:00:00,15.499826388888888
2017-05-09 20:00:00,15.546180555555555
2017-05-09 21:00:00,15.587499999999999
2017-05-09 22:00:00,15.620486111111113
2017-05-09 23:00:00,15.659895833333332
2017-05-10 00:00:00,15.722916666666665
2017-05-10 01:00:00,15.77309027777778
2017-05-10 02:00:00,15.800173611111113
2017-05-10 03:00:00,15.831423611111115
2017-05-10 04:00:00,15.864062500000001
2017-05-10 05:00:00,15.901562499999999
2017-05-10 06:00:00,15.949652777777775
2017-05-10 07:00:00,16.006076388888886
2017-05-10 08:00:00,16.048090277777778
2017-05-10 09:00:00,16.082291666666663
2017-05-10 10:00:00,16.08038194444444
2017-05-10 11:00:00,16.046874999999996
2017-05-10 12:00:00,16.037847222222222
2017-05-10 13:00:00,16.04079861111111
2017-05-10 14:00:00,16.044444444444444
2017-05-10 15:00:00,16.04201388888889
2017-05-10 16:00:00,16.035416666666666
2017-05-10 17:00:00,16.036631944444444
2017-05-10 18:00:00,16.04322916666667
2017-05-10 19:00:00,16.053125
2017-05-10 20:00:00,16.085069444444446
2017-05-10 21:00:00,16.128645833333334
2017-05-10 22:00:00,16.16892361111111
2017-05-10 23:00:00,16.205729166666664
2017-05-11 00:00:00,16.238541666666663
2017-05-11 01:00:00,16.290451388888886
2017-05-11 02:00:00,16.33211805555555
2017-05-11 03:00:00,16.333854166666665
2017-05-11 04:00:00,16.340451388888884
2017-05-11 05:00:00,16.351909722222217
2017-05-11 06:00:00,16.341666666666665
2017-05-11 07:00:00,16.23663194444444
2017-05-11 08:00:00,16.074305555555554
2017-05-11 09:00:00,15.932986111111106
2017-05-11 10:00:00,15.851736111111109
2017-05-11 11:00:00,15.773263888888886
2017-05-11 12:00:00,15.563194444444443
2017-05-11 13:00:00,15.395486111111111
2017-05-11 14:00:00,15.357465277777779
2017-05-11 15:00:00,15.347569444444444
2017-05-11 16:00:00,15.317534722222224
2017-05-11 17:00:00,15.263368055555555
2017-05-11 18:00:00,15.214062499999999
2017-05-11 19:00:00,15.201041666666667
2017-05-11 20:00:00,15.220486111111112
2017-05-11 21:00:00,15.252777777777778
2017-05-11 22:00:00,15.294618055555556
2017-05-11 23:00:00,15.34045138888889
2017-05-12 00:00:00,15.385243055555557
2017-05-12 01:00:00,15.392881944444445
2017-05-12 02:00:00,15.333680555555556
2017-05-12 03:00:00,15.172569444444445
2017-05-12 04:00:00,14.801909722222224
2017-05-12 05:00:00,14.168402777777777
2017-05-12 06:00:00,13.342708333333333
2017-05-12 07:00:00,12.50798611111111
2017-05-12 08:00:00,11.783506944444444
2017-05-12 09:00:00,11.227777777777776
2017-05-12 10:00:00,10.77847222222222
2017-05-12 11:00:00,10.409201388888889
2017-05-12 12:00:00,10.198090277777776
2017-05-12 13:00:00,10.006076388888886
2017-05-12 14:00:00,9.743576388888888
2017-05-12 15:00:00,9.434201388888887
2017-05-12 16:00:00,9.135243055555554
2017-05-12 17:00:00,8.838368055555554
2017-05-12 18:00:00,8.517708333333333
2017-05-12 19:00:00,8.15451388888889
2017-05-12 20:00:00,7.7236111111111105
2017-05-12 21:00:00,7.258333333333332
2017-05-12 22:00:00,6.777777777777777
2017-05-12 23:00:00,6.292708333333333
2017-05-13 00:00:00,5.815451388888889
2017-05-13 01:00:00,5.370833333333332
2017-05-13 02:00:00,5.00486111111111
2017-05-13 03:00:00,4.775347222222222
2017-05-13 04:00:00,4.794791666666666
2017-05-13 05:00:00,5.1343749999999995
2017-05-13 06:00:00,5.727777777777777
2017-05-13 07:00:00,6.3984375
2017-05-13 08:00:00,7.021701388888888
2017-05-13 09:00:00,7.409027777777777
2017-05-13 10:00:00,7.559895833333333
2017-05-13 11:00:00,7.696701388888888
2017-05-13 12:00:00,7.872048611111111
2017-05-13 13:00:00,8.006597222222222
2017-05-13 14:00:00,8.0390625
2017-05-13 15:00:00,8.040277777777778
2017-05-13 16:00:00,8.034722222222221
2017-05-13 17:00:00,8.046006944444443
2017-05-13 18:00:00,8.082638888888887
2017-05-13 19:00:00,8.139062499999998
2017-05-13 20:00:00,8.220312499999999
2017-05-13 21:00:00,8.318229166666667
2017-05-13 22:00:00,8.420659722222222
2017-05-13 23:00:00,8.512847222222222
2017-05-14 00:00:00,8.59409722222222
2017-05-14 01:00:00,8.665277777777778
2017-05-14 02:00:00,8.739236111111113
2017-05-14 03:00:00,8.809548611111113
2017-05-14 04:00:00,8.867187500000002
2017-05-14 05:00:00,8.923958333333333
2017-05-14 06:00:00,8.971874999999999
2017-05-14 07:00:00,9.066840277777777
2017-05-14 08:00:00,9.12673611111111
2017-05-14 09:00:00,9.015277777777778
2017-05-14 10:00:00,8.855381944444442
2017-05-14 11:00:00,8.72361111111111
2017-05-14 12:00:00,8.567013888888887
2017-05-14 13:00:00,8.445833333333331
2017-05-14 14:00:00,8.445138888888888
2017-05-14 15:00:00,8.528472222222222
2017-05-14 16:00:00,8.637326388888889
2017-05-14 17:00:00,8.716319444444446
2017-05-14 18:00:00,8.77170138888889
2017-05-14 19:00:00,8.824652777777777
2017-05-14 20:00:00,8.878819444444444
2017-05-14 21:00:00,8.978472222222223
2017-05-14 22:00:00,9.1265625
2017-05-14 23:00:00,9.307986111111113
2017-05-15 00:00:00,9.511631944444444
2017-05-15 01:00:00,9.710243055555555
2017-05-15 02:00:00,9.891319444444443
2017-05-15 03:00:00,10.050520833333334
2017-05-15 04:00:00,10.085590277777778
2017-05-15 05:00:00,9.931076388888888
2017-05-15 06:00:00,9.592187500000001
2017-05-15 07:00:00,8.936805555555555
2017-05-15 08:00:00,8.072569444444445
2017-05-15 09:00:00,7.305034722222222
2017-05-15 10:00:00,6.663888888888889
2017-05-15 11:00:00,6.05
2017-05-15 12:00:00,5.517708333333333
2017-05-15 13:00:00,5.148784722222222
2017-05-15 14:00:00,4.915972222222223
2017-05-15 15:00:00,4.783680555555555
2017-05-15 16:00:00,4.715277777777778
2017-05-15 17:00:00,4.708680555555554
2017-05-15 18:00:00,4.7567708333333325
2017-05-15 19:00:00,4.823958333333332
2017-05-15 20:00:00,4.879340277777777
2017-05-15 21:00:00,4.86909722222222
2017-05-15 22:00:00,4.7937499999999975
2017-05-15 23:00:00,4.688715277777777
2017-05-16 00:00:00,4.596006944444444
2017-05-16 01:00:00,4.539756944444444
2017-05-16 02:00:00,4.49548611111111
2017-05-16 03:00:00,4.4296875
2017-05-16 04:00:00,4.374305555555555
2017-05-16 05:00:00,4.324999999999999
2017-05-16 06:00:00,4.269444444444444
2017-05-16 07:00:00,4.394270833333334
2017-05-16 08:00:00,4.638715277777778
2017-05-16 09:00:00,4.843749999999999
2017-05-16 10:00:00,4.988368055555555
2017-05-16 11:00:00,5.121006944444445
2017-05-16 12:00:00,5.267534722222222
2017-05-16 13:00:00,5.3609375
2017-05-16 14:00:00,5.422395833333333
2017-05-16 15:00:00,5.465277777777777
2017-05-16 16:00:00,5.493402777777777
2017-05-16 17:00:00,5.51579861111111
2017-05-16 18:00:00,5.5295138888888875
2017-05-16 19:00:00,5.532638888888887
2017-05-16 20:00:00,5.549479166666666
2017-05-16 21:00:00,5.591493055555554
2017-05-16 22:00:00,5.638541666666665
2017-05-16 23:00:00,5.700520833333332
2017-05-17 00:00:00,5.772222222222221
2017-05-17 01:00:00,5.806770833333332
2017-05-17 02:00:00,5.7835069444444445
2017-05-17 03:00:00,5.705208333333332
2017-05-17 04:00:00,5.642708333333332
2017-05-17 05:00:00,5.655555555555556
2017-05-17 06:00:00,5.716145833333333
2017-05-17 07:00:00,5.795486111111112
2017-05-17 08:00:00,6.0734375
2017-05-17 09:00:00,6.594270833333333
2017-05-17 10:00:00,7.183680555555556
2017-05-17 11:00:00,7.774131944444444
2017-05-17 12:00:00,8.303993055555555
2017-05-17 13:00:00,8.685937499999998
2017-05-17 14:00:00,8.895138888888889
2017-05-17 15:00:00,8.981423611111111
2017-05-17 16:00:00,9.005902777777779
2017-05-17 17:00:00,9.014756944444445
2017-05-17 18:00:00,9.011458333333332
2017-05-17 19:00:00,8.990798611111112
2017-05-17 20:00:00,8.948958333333334
2017-05-17 21:00:00,8.901388888888889
2017-05-17 22:00:00,8.869270833333333
2017-05-17 23:00:00,8.825173611111111
2017-05-18 00:00:00,8.747395833333332
2017-05-18 01:00:00,8.687847222222222
2017-05-18 02:00:00,8.70642361111111
2017-05-18 03:00:00,8.799305555555554
2017-05-18 04:00:00,8.9296875
2017-05-18 05:00:00,9.124131944444443
2017-05-18 06:00:00,9.448263888888889
2017-05-18 07:00:00,9.882291666666664
2017-05-18 08:00:00,10.304340277777776
2017-05-18 09:00:00,10.718229166666665
2017-05-18 10:00:00,11.115451388888886
2017-05-18 11:00:00,11.377430555555554
2017-05-18 12:00:00,11.587152777777778
2017-05-18 13:00:00,11.800694444444444
2017-05-18 14:00:00,11.976215277777776
2017-05-18 15:00:00,12.128819444444444
2017-05-18 16:00:00,12.267013888888888
2017-05-18 17:00:00,12.404340277777777
2017-05-18 18:00:00,12.54513888888889
2017-05-18 19:00:00,12.68940972222222
2017-05-18 20:00:00,12.836631944444443
2017-05-18 21:00:00,12.975868055555555
2017-05-18 22:00:00,13.119791666666668
2017-05-18 23:00:00,13.270138888888885
2017-05-19 00:00:00,13.405902777777776
2017-05-19 01:00:00,13.532291666666666
2017-05-19 02:00:00,13.646874999999996
2017-05-19 03:00:00,13.806944444444444
2017-05-19 04:00:00,14.021874999999998
2017-05-19 05:00:00,14.229166666666664
2017-05-19 06:00:00,14.429513888888888
2017-05-19 07:00:00,14.596701388888887
2017-05-19 08:00:00,14.742187499999998
2017-05-19 09:00:00,14.862499999999999
2017-05-19 10:00:00,14.969791666666664
2017-05-19 11:00:00,15.09409722222222
2017-05-19 12:00:00,15.213020833333331
2017-05-19 13:00:00,15.32222222222222
2017-05-19 14:00:00,15.423263888888888
2017-05-19 15:00:00,15.52829861111111
2017-05-19 16:00:00,15.63802083333333
2017-05-19 17:00:00,15.752604166666664
2017-05-19 18:00:00,15.864583333333332
2017-05-19 19:00:00,15.969618055555554
2017-05-19 20:00:00,16.07517361111111
2017-05-19 21:00:00,16.193923611111106
2017-05-19 22:00:00,16.316666666666663
2017-05-19 23:00:00,16.43958333333333
2017-05-20 00:00:00,16.577951388888888
2017-05-20 01:00:00,16.725520833333334
2017-05-20 02:00:00,16.865798611111114
2017-05-20 03:00:00,16.97829861111111
2017-05-20 04:00:00,17.08940972222222
2017-05-20 05:00:00,17.22465277777778
2017-05-20 06:00:00,17.38003472222222
2017-05-20 07:00:00,17.563020833333333
2017-05-20 08:00:00,17.722395833333334
2017-05-20 09:00:00,17.860763888888886
2017-05-20 10:00:00,18.015277777777776
2017-05-20 11:00:00,18.17638888888889
2017-05-20 12:00:00,18.300694444444442
2017-05-20 13:00:00,18.382291666666667
2017-05-20 14:00:00,18.467708333333334
2017-05-20 15:00:00,18.55590277777778
2017-05-20 16:00:00,18.6453125
2017-05-20 17:00:00,18.73246527777778
2017-05-20 18:00:00,18.80434027777778
2017-05-20 19:00:00,18.871006944444442
2017-05-20 20:00:00,18.938541666666662
2017-05-20 21:00:00,18.99305555555555
2017-05-20 22:00:00,19.03958333333333
2017-05-20 23:00:00,19.086111111111105
2017-05-21 00:00:00,19.11805555555555
2017-05-21 01:00:00,19.129340277777775
2017-05-21 02:00:00,19.139409722222222
2017-05-21 03:00:00,19.170659722222222
2017-05-21 04:00:00,19.230555555555554
2017-05-21 05:00:00,19.31701388888889
2017-05-21 06:00:00,19.41180555555555
2017-05-21 07:00:00,19.460243055555555
2017-05-21 08:00:00,19.493402777777774
2017-05-21 09:00:00,19.57829861111111
2017-05-21 10:00:00,19.667187499999997
2017-05-21 11:00:00,19.73645833333333
2017-05-21 12:00:00,19.811979166666667
2017-05-21 13:00:00,19.886805555555554
2017-05-21 14:00:00,19.945312499999996
2017-05-21 15:00:00,19.993576388888883
2017-05-21 16:00:00,20.040624999999995
2017-05-21 17:00:00,20.082638888888887
2017-05-21 18:00:00,20.136979166666666
2017-05-21 19:00:00,20.199305555555554
2017-05-21 20:00:00,20.271180555555553
2017-05-21 21:00:00,20.35833333333333
2017-05-21 22:00:00,20.44149305555555
2017-05-21 23:00:00,20.521701388888886
2017-05-22 00:00:00,20.610069444444445
2017-05-22 01:00:00,20.727430555555554
2017-05-22 02:00:00,20.86649305555556
2017-05-22 03:00:00,20.98854166666667
2017-05-22 04:00:00,21.09166666666667
2017-05-22 05:00:00,21.169618055555556
2017-05-22 06:00:00,21.23472222222222
2017-05-22 07:00:00,21.350347222222222
2017-05-22 08:00:00,21.51440972222222
2017-05-22 09:00:00,21.64982638888889
2017-05-22 10:00:00,21.765972222222228
2017-05-22 11:00:00,21.899479166666666
2017-05-22 12:00:00,22.01631944444444
2017-05-22 13:00:00,22.101041666666667
2017-05-22 14:00:00,22.147569444444443
2017-05-22 15:00:00,22.188715277777774
2017-05-22 16:00:00,22.257638888888884
2017-05-22 17:00:00,22.342881944444443
2017-05-22 18:00:00,22.436111111111114
2017-05-22 19:00:00,22.543055555555554
2017-05-22 20:00:00,22.641840277777778
2017-05-22 21:00:00,22.71527777777778
2017-05-22 22:00:00,22.783159722222226
2017-05-22 23:00:00,22.839583333333337
2017-05-23 00:00:00,22.888194444444448
2017-05-23 01:00:00,22.931770833333342
2017-05-23 02:00:00,22.98454861111112
2017-05-23 03:00:00,23.076041666666672
2017-05-23 04:00:00,23.164409722222228
2017-05-23 05:00:00,23.23385416666667
2017-05-23 06:00:00,23.311631944444446
2017-05-23 07:00:00,23.40746527777778
2017-05-23 08:00:00,23.49149305555556
2017-05-23 09:00:00,23.547916666666666
2017-05-23 10:00:00,23.561805555555555
2017-05-23 11:00:00,23.50173611111111
2017-05-23 12:00:00,23.436111111111106
2017-05-23 13:00:00,23.432812499999997
2017-05-23 14:00:00,23.489756944444444
2017-05-23 15:00:00,23.553819444444443
2017-05-23 16:00:00,23.578993055555554
2017-05-23 17:00:00,23.569791666666664
2017-05-23 18:00:00,23.535416666666663
2017-05-23 19:00:00,23.49045138888889
2017-05-23 20:00:00,23.450868055555556
2017-05-23 21:00:00,23.409375
2017-05-23 22:00:00,23.34704861111111
2017-05-23 23:00:00,23.28142361111111
2017-05-24 00:00:00,23.221875
2017-05-24 01:00:00,23.163194444444443
2017-05-24 02:00:00,23.110937500000002
2017-05-24 03:00:00,23.05711805555556
2017-05-24 04:00:00,23.012673611111108
2017-05-24 05:00:00,22.82881944444444
2017-05-24 06:00:00,22.48784722222222
2017-05-24 07:00:00,22.166319444444447
2017-05-24 08:00:00,21.92482638888889
2017-05-24 09:00:00,21.76267361111111
2017-05-24 10:00:00,21.564583333333335
2017-05-24 11:00:00,21.390277777777776
2017-05-24 12:00:00,21.26319444444444
2017-05-24 13:00:00,21.09895833333333
2017-05-24 14:00:00,20.90972222222222
2017-05-24 15:00:00,20.708680555555556
2017-05-24 16:00:00,20.524305555555554
2017-05-24 17:00:00,20.36076388888889
2017-05-24 18:00:00,20.2140625
2017-05-24 19:00:00,20.058506944444446
2017-05-24 20:00:00,19.90486111111111
2017-05-24 21:00:00,19.785937499999996
2017-05-24 22:00:00,19.705729166666664
2017-05-24 23:00:00,19.63611111111111
2017-05-25 00:00:00,19.55625
2017-05-25 01:00:00,19.446527777777774
2017-05-25 02:00:00,19.275694444444436
2017-05-25 03:00:00,19.069444444444443
2017-05-25 04:00:00,18.883854166666662
2017-05-25 05:00:00,18.897916666666664
2017-05-25 06:00:00,19.103472222222223
2017-05-25 07:00:00,19.308680555555554
2017-05-25 08:00:00,19.43315972222222
2017-05-25 09:00:00,19.455729166666668
2017-05-25 10:00:00,19.529687499999998
2017-05-25 11:00:00,19.599479166666665
2017-05-25 12:00:00,19.59079861111111
2017-05-25 13:00:00,19.536458333333332
2017-05-25 14:00:00,19.42048611111111
2017-05-25 15:00:00,19.28350694444444
2017-05-25 16:00:00,19.13159722222222
2017-05-25 17:00:00,18.973958333333332
2017-05-25 18:00:00,18.809895833333332
2017-05-25 19:00:00,18.639409722222222
2017-05-25 20:00:00,18.451562499999998
2017-05-25 21:00:00,18.237847222222218
2017-05-25 22:00:00,18.005555555555553
2017-05-25 23:00:00,17.767534722222216
2017-05-26 00:00:00,17.533159722222212
2017-05-26 01:00:00,17.31545138888888
2017-05-26 02:00:00,17.126041666666662
2017-05-26 03:00:00,16.97465277777777
2017-05-26 04:00:00,16.885069444444444
2017-05-26 05:00:00,16.856597222222216
2017-05-26 06:00:00,16.659027777777773
2017-05-26 07:00:00,16.243923611111107
2017-05-26 08:00:00,15.837499999999997
2017-05-26 09:00:00,15.570486111111109
2017-05-26 10:00:00,15.39565972222222
2017-05-26 11:00:00,15.235069444444441
2017-05-26 12:00:00,15.11753472222222
2017-05-26 13:00:00,15.041666666666664
2017-05-26 14:00:00,15.049999999999997
2017-05-26 15:00:00,15.156076388888886
2017-05-26 16:00:00,15.287326388888886
2017-05-26 17:00:00,15.36458333333333
2017-05-26 18:00:00,15.397048611111108
2017-05-26 19:00:00,15.443055555555553
2017-05-26 20:00:00,15.50607638888889
2017-05-26 21:00:00,15.573958333333332
2017-05-26 22:00:00,15.667881944444444
2017-05-26 23:00:00,15.783506944444444
2017-05-27 00:00:00,15.89548611111111
2017-05-27 01:00:00,16.00017361111111
2017-05-27 02:00:00,16.099999999999998
2017-05-27 03:00:00,16.207291666666663
2017-05-27 04:00:00,16.313368055555554
2017-05-27 05:00:00,16.402256944444442
2017-05-27 06:00:00,16.666493055555552
2017-05-27 07:00:00,17.14097222222222
2017-05-27 08:00:00,17.632465277777772
2017-05-27 09:00:00,18.019618055555554
2017-05-27 10:00:00,18.32361111111111
2017-05-27 11:00:00,18.624131944444443
2017-05-27 12:00:00,18.872569444444444
2017-05-27 13:00:00,19.064756944444444
2017-05-27 14:00:00,19.18003472222222
2017-05-27 15:00:00,19.197569444444444
2017-05-27 16:00:00,19.187499999999996
2017-05-27 17:00:00,19.222569444444442
2017-05-27 18:00:00,19.304861111111112
2017-05-27 19:00:00,19.387847222222227
2017-05-27 20:00:00,19.457812500000003
2017-05-27 21:00:00,19.51666666666667
2017-05-27 22:00:00,19.556597222222226
2017-05-27 23:00:00,19.582291666666666
2017-05-28 00:00:00,19.610416666666666
2017-05-28 01:00:00,19.655208333333334
2017-05-28 02:00:00,19.71979166666667
2017-05-28 03:00:00,19.803472222222222
2017-05-28 04:00:00,19.91059027777777
2017-05-28 05:00:00,20.039930555555554
2017-05-28 06:00:00,20.172222222222217
2017-05-28 07:00:00,20.302083333333332
2017-05-28 08:00:00,20.385243055555552
2017-05-28 09:00:00,20.44375
2017-05-28 10:00:00,20.52204861111111
2017-05-28 11:00:00,20.60868055555555
2017-05-28 12:00:00,20.711805555555554
2017-05-28 13:00:00,20.816319444444442
2017-05-28 14:00:00,20.921527777777776
2017-05-28 15:00:00,21.034375
2017-05-28 16:00:00,21.133854166666666
2017-05-28 17:00:00,21.21284722222222
2017-05-28 18:00:00,21.28663194444444
2017-05-28 19:00:00,21.354166666666664
2017-05-28 20:00:00,21.42048611111111
2017-05-28 21:00:00,21.494965277777776
2017-05-28 22:00:00,21.575000000000003
2017-05-28 23:00:00,21.682291666666664
2017-05-29 00:00:00,21.816319444444442
2017-05-29 01:00:00,21.942534722222216
2017-05-29 02:00:00,22.017013888888886
2017-05-29 03:00:00,22.041840277777776
2017-05-29 04:00:00,22.06579861111111
2017-05-29 05:00:00,22.088194444444444
2017-05-29 06:00:00,22.10885416666667
2017-05-29 07:00:00,22.120312500000008
2017-05-29 08:00:00,22.175173611111113
2017-05-29 09:00:00,22.271354166666665
2017-05-29 10:00:00,22.321527777777778
2017-05-29 11:00:00,22.269444444444442
2017-05-29 12:00:00,22.1515625
2017-05-29 13:00:00,22.07847222222222
2017-05-29 14:00:00,22.091840277777774
2017-05-29 15:00:00,22.157291666666662
2017-05-29 16:00:00,22.241666666666664
2017-05-29 17:00:00,22.332638888888887
2017-05-29 18:00:00,22.384548611111107
2017-05-29 19:00:00,22.419444444444444
2017-05-29 20:00:00,22.48420138888889
2017-05-29 21:00:00,22.56493055555556
2017-05-29 22:00:00,22.619791666666668
2017-05-29 23:00:00,22.627777777777784
2017-05-30 00:00:00,22.605902777777786
2017-05-30 01:00:00,22.574305555555558
2017-05-30 02:00:00,22.57777777777778
2017-05-30 03:00:00,22.60590277777778
2017-05-30 04:00:00,22.61059027777778
2017-05-30 05:00:00,22.594618055555557
2017-05-30 06:00:00,22.557812500000004
2017-05-30 07:00:00,22.50746527777778
2017-05-30 08:00:00,22.408680555555556
2017-05-30 09:00:00,22.148958333333333
2017-05-30 10:00:00,21.85902777777778
2017-05-30 11:00:00,21.573784722222225
2017-05-30 12:00:00,21.32916666666667
2017-05-30 13:00:00,21.218576388888884
2017-05-30 14:00:00,21.10173611111111
2017-05-30 15:00:00,20.993923611111107
2017-05-30 16:00:00,20.931423611111107
2017-05-30 17:00:00,20.896180555555553
2017-05-30 18:00:00,20.87065972222222
2017-05-30 19:00:00,20.86111111111111
2017-05-30 20:00:00,20.873090277777777
2017-05-30 21:00:00,20.891493055555554
2017-05-30 22:00:00,20.939930555555552
2017-05-30 23:00:00,21.020312500000003
2017-05-31 00:00:00,21.116319444444446
2017-05-31 01:00:00,21.22222222222222
2017-05-31 02:00:00,21.29340277777778
2017-05-31 03:00:00,21.212847222222223
2017-05-31 04:00:00,20.81909722222222
2017-05-31 05:00:00,20.136805555555558
2017-05-31 06:00:00,19.218749999999996
2017-05-31 07:00:00,18.076041666666665
2017-05-31 08:00:00,16.859375
2017-05-31 09:00:00,15.79895833333333
2017-05-31 10:00:00,14.830555555555552
2017-05-31 11:00:00,13.993402777777776
2017-05-31 12:00:00,13.37881944444444
2017-05-31 13:00:00,12.948611111111108
2017-05-31 14:00:00,12.727256944444441
2017-05-31 15:00:00,12.569965277777776
2017-05-31 16:00:00,12.406076388888886
2017-05-31 17:00:00,12.22256944444444
2017-05-31 18:00:00,12.040104166666662
2017-05-31 19:00:00,11.848437499999996
2017-05-31 20:00:00,11.622569444444444
2017-05-31 21:00:00,11.369618055555554
2017-05-31 22:00:00,11.102430555555554
2017-05-31 23:00:00,10.855555555555554
2017-06-01 00:00:00,10.618576388888888
2017-06-01 01:00:00,10.36840277777778
2017-06-01 02:00:00,10.144791666666666
2017-06-01 03:00:00,10.061805555555557
2017-06-01 04:00:00,10.284027777777778
2017-06-01 05:00:00,10.6984375
2017-06-01 06:00:00,11.326215277777777
2017-06-01 07:00:00,12.12065972222222
2017-06-01 08:00:00,12.857465277777777
2017-06-01 09:00:00,13.497743055555555
2017-06-01 10:00:00,14.046875
2017-06-01 11:00:00,14.584722222222219
2017-06-01 12:00:00,15.068402777777775
2017-06-01 13:00:00,15.400694444444444
2017-06-01 14:00:00,15.559027777777775
2017-06-01 15:00:00,15.613194444444444
2017-06-01 16:00:00,15.638194444444444
2017-06-01 17:00:00,15.681944444444444
2017-06-01 18:00:00,15.759027777777778
2017-06-01 19:00:00,15.853472222222221
2017-06-01 20:00:00,15.941666666666665
2017-06-01 21:00:00,16.033506944444444
2017-06-01 22:00:00,16.138541666666665
2017-06-01 23:00:00,16.24045138888889
2017-06-02 00:00:00,16.33020833333333
2017-06-02 01:00:00,16.415625
2017-06-02 02:00:00,16.504166666666663
2017-06-02 03:00:00,16.594270833333333
2017-06-02 04:00:00,16.68541666666667
2017-06-02 05:00:00,16.889583333333334
2017-06-02 06:00:00,17.160416666666666
2017-06-02 07:00:00,17.542361111111113
2017-06-02 08:00:00,18.111631944444444
2017-06-02 09:00:00,18.757118055555555
2017-06-02 10:00:00,19.45225694444444
2017-06-02 11:00:00,20.112673611111106
2017-06-02 12:00:00,20.631944444444443
2017-06-02 13:00:00,20.95347222222222
2017-06-02 14:00:00,21.161111111111108
2017-06-02 15:00:00,21.33298611111111
2017-06-02 16:00:00,21.46475694444444
2017-06-02 17:00:00,21.563541666666662
2017-06-02 18:00:00,21.646006944444444
2017-06-02 19:00:00,21.723090277777775
2017-06-02 20:00:00,21.80677083333333
2017-06-02 21:00:00,21.902083333333326
2017-06-02 22:00:00,22.008854166666662
2017-06-02 23:00:00,22.12083333333333
2017-06-03 00:00:00,22.238541666666663
2017-06-03 01:00:00,22.364409722222224
2017-06-03 02:00:00,22.517361111111107
2017-06-03 03:00:00,22.682812499999997
2017-06-03 04:00:00,22.809895833333332
2017-06-03 05:00:00,22.792361111111113
2017-06-03 06:00:00,22.640625000000004
2017-06-03 07:00:00,22.534375
2017-06-03 08:00:00,22.47274305555555
2017-06-03 09:00:00,22.412847222222215
2017-06-03 10:00:00,22.3765625
2017-06-03 11:00:00,22.360763888888886
2017-06-03 12:00:00,22.357986111111106
2017-06-03 13:00:00,22.35677083333333
2017-06-03 14:00:00,22.353472222222216
2017-06-03 15:00:00,22.35451388888888
2017-06-03 16:00:00,22.367881944444434
2017-06-03 17:00:00,22.38124999999999
2017-06-03 18:00:00,22.392534722222212
2017-06-03 19:00:00,22.4017361111111
2017-06-03 20:00:00,22.403819444444434
2017-06-03 21:00:00,22.40468749999999
2017-06-03 22:00:00,22.394270833333326
2017-06-03 23:00:00,22.358680555555555
2017-06-04 00:00:00,22.332638888888887
2017-06-04 01:00:00,22.3390625
2017-06-04 02:00:00,22.335243055555555
2017-06-04 03:00:00,22.31493055555556
2017-06-04 04:00:00,22.283854166666668
2017-06-04 05:00:00,22.300520833333337
2017-06-04 06:00:00,22.378298611111113
2017-06-04 07:00:00,22.398958333333336
2017-06-04 08:00:00,22.381423611111114
2017-06-04 09:00:00,22.36232638888889
2017-06-04 10:00:00,22.33402777777778
2017-06-04 11:00:00,22.29670138888889
2017-06-04 12:00:00,22.251388888888886
2017-06-04 13:00:00,22.20486111111111
2017-06-04 14:00:00,22.138194444444444
2017-06-04 15:00:00,22.054340277777772
2017-06-04 16:00:00,21.96215277777777
2017-06-04 17:00:00,21.876736111111107
2017-06-04 18:00:00,21.812499999999996
2017-06-04 19:00:00,21.75104166666666
2017-06-04 20:00:00,21.675520833333326
2017-06-04 21:00:00,21.592881944444436
2017-06-04 22:00:00,21.505902777777774
2017-06-04 23:00:00,21.420659722222222
2017-06-05 00:00:00,21.32743055555555
2017-06-05 01:00:00,21.21145833333333
2017-06-05 02:00:00,21.0765625
2017-06-05 03:00:00,20.958506944444444
2017-06-05 04:00:00,20.904513888888893
2017-06-05 05:00:00,20.949999999999996
2017-06-05 06:00:00,21.061631944444443
2017-06-05 07:00:00,21.15503472222222
2017-06-05 08:00:00,21.200520833333336
2017-06-05 09:00:00,21.226909722222224
2017-06-05 10:00:00,21.258506944444445
2017-06-05 11:00:00,21.298784722222223
2017-06-05 12:00:00,21.334895833333334
2017-06-05 13:00:00,21.36458333333333
2017-06-05 14:00:00,21.385937499999997
2017-06-05 15:00:00,21.393402777777776
2017-06-05 16:00:00,21.405381944444443
2017-06-05 17:00:00,21.42760416666666
2017-06-05 18:00:00,21.448090277777773
2017-06-05 19:00:00,21.45086805555555
2017-06-05 20:00:00,21.428124999999994
2017-06-05 21:00:00,21.379166666666666
2017-06-05 22:00:00,21.321354166666666
2017-06-05 23:00:00,21.271006944444444
2017-06-06 00:00:00,21.216145833333336
2017-06-06 01:00:00,21.165972222222226
2017-06-06 02:00:00,21.13854166666667
2017-06-06 03:00:00,21.125520833333336
2017-06-06 04:00:00,21.126041666666673
2017-06-06 05:00:00,21.146006944444448
2017-06-06 06:00:00,21.15173611111111
2017-06-06 07:00:00,21.141840277777774
2017-06-06 08:00:00,21.159375
2017-06-06 09:00:00,21.202951388888888
2017-06-06 10:00:00,21.244791666666668
2017-06-06 11:00:00,21.281770833333336
2017-06-06 12:00:00,21.3234375
2017-06-06 13:00:00,21.36232638888889
2017-06-06 14:00:00,21.40590277777778
2017-06-06 15:00:00,21.45954861111111
2017-06-06 16:00:00,21.50833333333333
2017-06-06 17:00:00,21.543402777777775
2017-06-06 18:00:00,21.563541666666662
2017-06-06 19:00:00,21.59375
2017-06-06 20:00:00,21.650520833333328
2017-06-06 21:00:00,21.719791666666666
2017-06-06 22:00:00,21.790798611111107
2017-06-06 23:00:00,21.8484375
2017-06-07 00:00:00,21.8953125
2017-06-07 01:00:00,21.94184027777778
2017-06-07 02:00:00,21.982986111111114
2017-06-07 03:00:00,22.011631944444446
2017-06-07 04:00:00,22.01684027777778
2017-06-07 05:00:00,21.994097222222223
2017-06-07 06:00:00,21.966840277777777
2017-06-07 07:00:00,21.94392361111111
2017-06-07 08:00:00,21.91892361111111
2017-06-07 09:00:00,21.807465277777773
2017-06-07 10:00:00,21.519618055555554
2017-06-07 11:00:00,21.18142361111111
2017-06-07 12:00:00,20.915625
2017-06-07 13:00:00,20.702951388888888
2017-06-07 14:00:00,20.57465277777778
2017-06-07 15:00:00,20.51440972222222
2017-06-07 16:00:00,20.45243055555555
2017-06-07 17:00:00,20.377951388888885
2017-06-07 18:00:00,20.291319444444436
2017-06-07 19:00:00,20.20972222222222
2017-06-07 20:00:00,20.15885416666666
2017-06-07 21:00:00,20.153645833333325
2017-06-07 22:00:00,20.174479166666657
2017-06-07 23:00:00,20.198090277777773
2017-06-08 00:00:00,20.230034722222218
2017-06-08 01:00:00,20.27777777777777
2017-06-08 02:00:00,20.344791666666662
2017-06-08 03:00:00,20.3765625
2017-06-08 04:00:00,20.229687499999997
2017-06-08 05:00:00,19.82586805555555
2017-06-08 06:00:00,19.290451388888883
2017-06-08 07:00:00,18.6671875
2017-06-08 08:00:00,17.921006944444446
2017-06-08 09:00:00,17.117534722222224
2017-06-08 10:00:00,16.342534722222222
2017-06-08 11:00:00,15.57517361111111
2017-06-08 12:00:00,14.806249999999999
2017-06-08 13:00:00,14.22361111111111
2017-06-08 14:00:00,13.85173611111111
2017-06-08 15:00:00,13.593749999999998
2017-06-08 16:00:00,13.429513888888886
2017-06-08 17:00:00,13.33784722222222
2017-06-08 18:00:00,13.310590277777775
2017-06-08 19:00:00,13.318749999999998
2017-06-08 20:00:00,13.327604166666664
2017-06-08 21:00:00,13.327256944444443
2017-06-08 22:00:00,13.323263888888887
2017-06-08 23:00:00,13.330208333333333
2017-06-09 00:00:00,13.350347222222222
2017-06-09 01:00:00,13.35
2017-06-09 02:00:00,13.298958333333333
2017-06-09 03:00:00,13.172569444444443
2017-06-09 04:00:00,12.994791666666668
2017-06-09 05:00:00,12.772916666666667
2017-06-09 06:00:00,12.365104166666667
2017-06-09 07:00:00,11.818749999999998
2017-06-09 08:00:00,11.28003472222222
2017-06-09 09:00:00,10.922569444444443
2017-06-09 10:00:00,10.788194444444446
2017-06-09 11:00:00,10.724479166666667
2017-06-09 12:00:00,10.708506944444446
2017-06-09 13:00:00,10.718402777777778
2017-06-09 14:00:00,10.75451388888889
2017-06-09 15:00:00,10.805034722222224
2017-06-09 16:00:00,10.857118055555556
2017-06-09 17:00:00,10.897395833333333
2017-06-09 18:00:00,10.9046875
2017-06-09 19:00:00,10.911979166666665
2017-06-09 20:00:00,10.926041666666665
2017-06-09 21:00:00,10.920312499999998
2017-06-09 22:00:00,10.888888888888888
2017-06-09 23:00:00,10.850173611111108
2017-06-10 00:00:00,10.82534722222222
2017-06-10 01:00:00,10.802777777777775
2017-06-10 02:00:00,10.746006944444444
2017-06-10 03:00:00,10.71736111111111
2017-06-10 04:00:00,10.729861111111111
2017-06-10 05:00:00,10.756770833333334
2017-06-10 06:00:00,10.864756944444444
2017-06-10 07:00:00,11.002430555555556
2017-06-10 08:00:00,11.125
2017-06-10 09:00:00,11.238715277777779
2017-06-10 10:00:00,11.38142361111111
2017-06-10 11:00:00,11.596875
2017-06-10 12:00:00,11.9140625
2017-06-10 13:00:00,12.17951388888889
2017-06-10 14:00:00,12.211805555555557
2017-06-10 15:00:00,12.102951388888888
2017-06-10 16:00:00,11.924999999999999
2017-06-10 17:00:00,11.70954861111111
2017-06-10 18:00:00,11.487152777777778
2017-06-10 19:00:00,11.237847222222221
2017-06-10 20:00:00,10.96423611111111
2017-06-10 21:00:00,10.70138888888889
2017-06-10 22:00:00,10.496527777777779
2017-06-10 23:00:00,10.306597222222225
2017-06-11 00:00:00,10.081597222222223
2017-06-11 01:00:00,9.870659722222221
2017-06-11 02:00:00,9.697222222222225
2017-06-11 03:00:00,9.455555555555556
2017-06-11 04:00:00,9.08888888888889
2017-06-11 05:00:00,8.64375
2017-06-11 06:00:00,8.12204861111111
2017-06-11 07:00:00,7.571527777777777
2017-06-11 08:00:00,7.103472222222223
2017-06-11 09:00:00,6.852083333333333
2017-06-11 10:00:00,6.7626736111111105
2017-06-11 11:00:00,6.607291666666666
2017-06-11 12:00:00,6.237152777777776
2017-06-11 13:00:00,5.835243055555556
2017-06-11 14:00:00,5.5881944444444445
2017-06-11 15:00:00,5.382118055555557
2017-06-11 16:00:00,5.1657986111111125
2017-06-11 17:00:00,4.90763888888889
2017-06-11 18:00:00,4.597048611111112
2017-06-11 19:00:00,4.254340277777779
2017-06-11 20:00:00,3.8812500000000014
2017-06-11 21:00:00,3.503819444444445
2017-06-11 22:00:00,3.1159722222222217
2017-06-11 23:00:00,2.812847222222222
2017-06-12 00:00:00,2.608680555555555
2017-06-12 01:00:00,2.412847222222222
2017-06-12 02:00:00,2.2142361111111115
2017-06-12 03:00:00,2.0364583333333335
2017-06-12 04:00:00,1.9178819444444444
2017-06-12 05:00:00,1.9032986111111108
2017-06-12 06:00:00,1.992708333333333
2017-06-12 07:00:00,2.156770833333333
2017-06-12 08:00:00,2.3880208333333326
2017-06-12 09:00:00,2.534548611111111
2017-06-12 10:00:00,2.5267361111111106
2017-06-12 11:00:00,2.527430555555555
2017-06-12 12:00:00,2.603472222222222
2017-06-12 13:00:00,2.7529513888888886
2017-06-12 14:00:00,2.9189236111111105
2017-06-12 15:00:00,3.0762152777777776
2017-06-12 16:00:00,3.251909722222222
2017-06-12 17:00:00,3.4722222222222223
2017-06-12 18:00:00,3.7425347222222225
2017-06-12 19:00:00,4.042013888888889
2017-06-12 20:00:00,4.367361111111111
2017-06-12 21:00:00,4.693923611111112
2017-06-12 22:00:00,4.998090277777777
2017-06-12 23:00:00,5.201215277777778
2017-06-13 00:00:00,5.311979166666667
2017-06-13 01:00:00,5.392534722222223
2017-06-13 02:00:00,5.490104166666668
2017-06-13 03:00:00,5.688194444444445
2017-06-13 04:00:00,6.0671875
2017-06-13 05:00:00,6.608333333333333
2017-06-13 06:00:00,7.300347222222222
2017-06-13 07:00:00,8.125520833333333
2017-06-13 08:00:00,8.936805555555555
2017-06-13 09:00:00,9.622569444444443
2017-06-13 10:00:00,10.24513888888889
2017-06-13 11:00:00,10.883333333333331
2017-06-13 12:00:00,11.506770833333333
2017-06-13 13:00:00,11.965798611111111
2017-06-13 14:00:00,12.258333333333333
2017-06-13 15:00:00,12.522743055555555
2017-06-13 16:00:00,12.780381944444445
2017-06-13 17:00:00,13.041840277777778
2017-06-13 18:00:00,13.30017361111111
2017-06-13 19:00:00,13.547916666666664
2017-06-13 20:00:00,13.793055555555554
2017-06-13 21:00:00,14.026041666666664
2017-06-13 22:00:00,14.241840277777776
2017-06-13 23:00:00,14.461631944444441
2017-06-14 00:00:00,14.699131944444444
2017-06-14 01:00:00,14.949131944444446
2017-06-14 02:00:00,15.191666666666668
2017-06-14 03:00:00,15.425
2017-06-14 04:00:00,15.662499999999998
2017-06-14 05:00:00,15.918229166666665
2017-06-14 06:00:00,16.200173611111108
2017-06-14 07:00:00,16.506423611111106
2017-06-14 08:00:00,16.813541666666662
2017-06-14 09:00:00,17.10208333333333
2017-06-14 10:00:00,17.367187499999996
2017-06-14 11:00:00,17.60590277777778
2017-06-14 12:00:00,17.82152777777778
2017-06-14 13:00:00,18.00329861111111
2017-06-14 14:00:00,18.148784722222224
2017-06-14 15:00:00,18.27829861111111
2017-06-14 16:00:00,18.406944444444445
2017-06-14 17:00:00,18.52482638888889
2017-06-14 18:00:00,18.63003472222222
2017-06-14 19:00:00,18.732118055555556
2017-06-14 20:00:00,18.836631944444445
2017-06-14 21:00:00,18.941319444444442
2017-06-14 22:00:00,19.03072916666666
2017-06-14 23:00:00,19.097743055555554
2017-06-15 00:00:00,19.14236111111111
2017-06-15 01:00:00,19.176736111111108
2017-06-15 02:00:00,19.209375
2017-06-15 03:00:00,19.25034722222222
2017-06-15 04:00:00,19.325868055555556
2017-06-15 05:00:00,19.44670138888889
2017-06-15 06:00:00,19.59079861111111
2017-06-15 07:00:00,19.735069444444445
2017-06-15 08:00:00,19.877083333333335
2017-06-15 09:00:00,19.995138888888885
2017-06-15 10:00:00,20.10347222222222
2017-06-15 11:00:00,20.23038194444444
2017-06-15 12:00:00,20.35711805555555
2017-06-15 13:00:00,20.473263888888887
2017-06-15 14:00:00,20.571354166666666
2017-06-15 15:00:00,20.653125000000003
2017-06-15 16:00:00,20.742881944444445
2017-06-15 17:00:00,20.859895833333336
2017-06-15 18:00:00,21.01059027777778
2017-06-15 19:00:00,21.177256944444448
2017-06-15 20:00:00,21.324652777777782
2017-06-15 21:00:00,21.44913194444445
2017-06-15 22:00:00,21.57500000000001
2017-06-15 23:00:00,21.71319444444445
2017-06-16 00:00:00,21.877951388888892
2017-06-16 01:00:00,22.049479166666668
2017-06-16 02:00:00,22.214930555555558
2017-06-16 03:00:00,22.393576388888892
2017-06-16 04:00:00,22.583333333333332
2017-06-16 05:00:00,22.77013888888889
2017-06-16 06:00:00,22.954861111111114
2017-06-16 07:00:00,23.14652777777778
2017-06-16 08:00:00,23.31979166666667
2017-06-16 09:00:00,23.437673611111116
2017-06-16 10:00:00,23.555902777777778
2017-06-16 11:00:00,23.69791666666667
2017-06-16 12:00:00,23.815104166666668
2017-06-16 13:00:00,23.915625000000002
2017-06-16 14:00:00,24.017881944444444
2017-06-16 15:00:00,24.123090277777777
2017-06-16 16:00:00,24.219791666666666
2017-06-16 17:00:00,24.305902777777778
2017-06-16 18:00:00,24.379687500000003
2017-06-16 19:00:00,24.444097222222222
2017-06-16 20:00:00,24.52065972222222
2017-06-16 21:00:00,24.625347222222224
2017-06-16 22:00:00,24.75034722222222
2017-06-16 23:00:00,24.86527777777778
2017-06-17 00:00:00,24.94392361111111
2017-06-17 01:00:00,25.00607638888889
2017-06-17 02:00:00,25.08385416666666
2017-06-17 03:00:00,25.163888888888888
2017-06-17 04:00:00,25.164236111111105
2017-06-17 05:00:00,25.166840277777773
2017-06-17 06:00:00,25.244270833333328
2017-06-17 07:00:00,25.309722222222216
2017-06-17 08:00:00,25.37447916666666
2017-06-17 09:00:00,25.507812499999993
2017-06-17 10:00:00,25.63489583333333
2017-06-17 11:00:00,25.69427083333333
2017-06-17 12:00:00,25.750173611111112
2017-06-17 13:00:00,25.81875
2017-06-17 14:00:00,25.889236111111114
2017-06-17 15:00:00,25.953472222222224
2017-06-17 16:00:00,26.013888888888886
2017-06-17 17:00:00,26.067534722222224
2017-06-17 18:00:00,26.109548611111112
2017-06-17 19:00:00,26.15347222222223
2017-06-17 20:00:00,26.215104166666666
2017-06-17 21:00:00,26.273784722222228
2017-06-17 22:00:00,26.308506944444446
2017-06-17 23:00:00,26.343576388888888
2017-06-18 00:00:00,26.41197916666667
2017-06-18 01:00:00,26.503993055555554
2017-06-18 02:00:00,26.581770833333326
2017-06-18 03:00:00,26.65277777777777
2017-06-18 04:00:00,26.81736111111111
2017-06-18 05:00:00,27.00364583333333
2017-06-18 06:00:00,27.119791666666664
2017-06-18 07:00:00,27.227083333333336
2017-06-18 08:00:00,27.340104166666666
2017-06-18 09:00:00,27.458506944444448
2017-06-18 10:00:00,27.58159722222222
2017-06-18 11:00:00,27.69809027777778
2017-06-18 12:00:00,27.8328125
2017-06-18 13:00:00,27.99184027777778
2017-06-18 14:00:00,28.19027777777778
2017-06-18 15:00:00,28.404861111111114
2017-06-18 16:00:00,28.573958333333334
2017-06-18 17:00:00,28.730208333333334
2017-06-18 18:00:00,28.87465277777778
2017-06-18 19:00:00,28.974305555555556
2017-06-18 20:00:00,29.031249999999996
2017-06-18 21:00:00,29.08350694444444
2017-06-18 22:00:00,29.15885416666666
2017-06-18 23:00:00,29.243055555555546
2017-06-19 00:00:00,29.30572916666666
2017-06-19 01:00:00,29.339583333333326
2017-06-19 02:00:00,29.373090277777774
2017-06-19 03:00:00,29.408159722222216
2017-06-19 04:00:00,29.42621527777777
2017-06-19 05:00:00,29.43975694444444
2017-06-19 06:00:00,29.461284722222217
2017-06-19 07:00:00,29.48697916666666
2017-06-19 08:00:00,29.514062499999994
2017-06-19 09:00:00,29.53559027777777
2017-06-19 10:00:00,29.543229166666666
2017-06-19 11:00:00,29.536284722222224
2017-06-19 12:00:00,29.486805555555552
2017-06-19 13:00:00,29.4109375
2017-06-19 14:00:00,29.302777777777777
2017-06-19 15:00:00,29.17829861111111
2017-06-19 16:00:00,29.089409722222218
2017-06-19 17:00:00,28.98628472222222
2017-06-19 18:00:00,28.879166666666666
2017-06-19 19:00:00,28.81423611111111
2017-06-19 20:00:00,28.771527777777777
2017-06-19 21:00:00,28.733506944444443
2017-06-19 22:00:00,28.697743055555556
2017-06-19 23:00:00,28.647916666666667
2017-06-20 00:00:00,28.588020833333335
2017-06-20 01:00:00,28.54322916666667
2017-06-20 02:00:00,28.508680555555557
2017-06-20 03:00:00,28.473958333333336
2017-06-20 04:00:00,28.437673611111112
2017-06-20 05:00:00,28.396006944444444
2017-06-20 06:00:00,28.344965277777778
2017-06-20 07:00:00,28.285763888888887
2017-06-20 08:00:00,28.229861111111113
2017-06-20 09:00:00,28.182638888888892
2017-06-20 10:00:00,28.143402777777776
2017-06-20 11:00:00,28.122743055555553
2017-06-20 12:00:00,28.118402777777774
2017-06-20 13:00:00,28.09895833333333
2017-06-20 14:00:00,28.06232638888888
2017-06-20 15:00:00,28.023090277777776
2017-06-20 16:00:00,27.99010416666666
2017-06-20 17:00:00,27.980729166666663
2017-06-20 18:00:00,27.973611111111104
2017-06-20 19:00:00,27.96302083333333
2017-06-20 20:00:00,27.9625
2017-06-20 21:00:00,27.951562500000005
2017-06-20 22:00:00,27.936111111111114
2017-06-20 23:00:00,27.933680555555554
2017-06-21 00:00:00,27.934895833333332
2017-06-21 01:00:00,27.943229166666665
2017-06-21 02:00:00,27.961805555555557
2017-06-21 03:00:00,27.97743055555556
2017-06-21 04:00:00,27.98784722222222
2017-06-21 05:00:00,27.98263888888889
2017-06-21 06:00:00,27.957812500000003
2017-06-21 07:00:00,27.94236111111111
2017-06-21 08:00:00,27.939756944444444
2017-06-21 09:00:00,27.932465277777776
2017-06-21 10:00:00,27.911284722222224
2017-06-21 11:00:00,27.87552083333333
2017-06-21 12:00:00,27.83628472222222
2017-06-21 13:00:00,27.83142361111111
2017-06-21 14:00:00,27.856944444444444
2017-06-21 15:00:00,27.865104166666665
2017-06-21 16:00:00,27.847569444444442
2017-06-21 17:00:00,27.820833333333333
2017-06-21 18:00:00,27.80920138888889
2017-06-21 19:00:00,27.807465277777776
2017-06-21 20:00:00,27.804166666666667
2017-06-21 21:00:00,27.794618055555556
2017-06-21 22:00:00,27.77204861111111
2017-06-21 23:00:00,27.747569444444444
2017-06-22 00:00:00,27.72586805555555
2017-06-22 01:00:00,27.705208333333328
2017-06-22 02:00:00,27.68854166666666
2017-06-22 03:00:00,27.676736111111104
2017-06-22 04:00:00,27.68489583333333
2017-06-22 05:00:00,27.712152777777774
2017-06-22 06:00:00,27.752430555555556
2017-06-22 07:00:00,27.80972222222222
2017-06-22 08:00:00,27.87447916666667
2017-06-22 09:00:00,27.93072916666667
2017-06-22 10:00:00,27.992187500000004
2017-06-22 11:00:00,28.069097222222226
2017-06-22 12:00:00,28.14670138888889
2017-06-22 13:00:00,28.188194444444445
2017-06-22 14:00:00,28.200347222222227
2017-06-22 15:00:00,28.235590277777785
2017-06-22 16:00:00,28.30260416666667
2017-06-22 17:00:00,28.368229166666666
2017-06-22 18:00:00,28.409895833333334
2017-06-22 19:00:00,28.431076388888886
2017-06-22 20:00:00,28.448090277777776
2017-06-22 21:00:00,28.48038194444444
2017-06-22 22:00:00,28.520659722222216
2017-06-22 23:00:00,28.567187499999996
2017-06-23 00:00:00,28.618229166666662
2017-06-23 01:00:00,28.653298611111104
2017-06-23 02:00:00,28.6734375
2017-06-23 03:00:00,28.696006944444445
2017-06-23 04:00:00,28.70642361111111
2017-06-23 05:00:00,28.705729166666668
2017-06-23 06:00:00,28.703298611111112
2017-06-23 07:00:00,28.6859375
2017-06-23 08:00:00,28.654687500000005
2017-06-23 09:00:00,28.628298611111116
2017-06-23 10:00:00,28.601388888888888
2017-06-23 11:00:00,28.576215277777777
2017-06-23 12:00:00,28.559895833333336
2017-06-23 13:00:00,28.54184027777778
2017-06-23 14:00:00,28.51024305555556
2017-06-23 15:00:00,28.456250000000004
2017-06-23 16:00:00,28.375520833333336
2017-06-23 17:00:00,28.274131944444452
2017-06-23 18:00:00,28.155034722222226
2017-06-23 19:00:00,28.023437500000004
2017-06-23 20:00:00,27.89045138888889
2017-06-23 21:00:00,27.753645833333334
2017-06-23 22:00:00,27.617708333333333
2017-06-23 23:00:00,27.48315972222222
2017-06-24 00:00:00,27.3515625
2017-06-24 01:00:00,27.23003472222222
2017-06-24 02:00:00,27.11597222222222
2017-06-24 03:00:00,27.021874999999998
2017-06-24 04:00:00,26.97916666666666
2017-06-24 05:00:00,26.9921875
2017-06-24 06:00:00,27.028125
2017-06-24 07:00:00,27.044791666666665
2017-06-24 08:00:00,27.02239583333333
2017-06-24 09:00:00,26.97829861111111
2017-06-24 10:00:00,26.77274305555556
2017-06-24 11:00:00,26.19253472222222
2017-06-24 12:00:00,25.318229166666665
2017-06-24 13:00:00,24.566493055555554
2017-06-24 14:00:00,24.19253472222222
2017-06-24 15:00:00,24.069270833333334
2017-06-24 16:00:00,24.04618055555555
2017-06-24 17:00:00,24.072048611111107
2017-06-24 18:00:00,24.158333333333324
2017-06-24 19:00:00,24.263888888888882
2017-06-24 20:00:00,24.34809027777777
2017-06-24 21:00:00,24.431944444444444
2017-06-24 22:00:00,24.515972222222217
2017-06-24 23:00:00,24.599999999999998
2017-06-25 00:00:00,24.681423611111107
2017-06-25 01:00:00,24.752604166666664
2017-06-25 02:00:00,24.811805555555555
2017-06-25 03:00:00,24.84045138888889
2017-06-25 04:00:00,24.82361111111111
2017-06-25 05:00:00,24.758680555555554
2017-06-25 06:00:00,24.660243055555558
2017-06-25 07:00:00,24.56267361111111
2017-06-25 08:00:00,24.497743055555553
2017-06-25 09:00:00,24.45538194444444
2017-06-25 10:00:00,24.58350694444444
2017-06-25 11:00:00,25.08350694444444
2017-06-25 12:00:00,25.871701388888884
2017-06-25 13:00:00,26.551388888888887
2017-06-25 14:00:00,26.862847222222218
2017-06-25 15:00:00,26.913715277777776
2017-06-25 16:00:00,26.855729166666663
2017-06-25 17:00:00,26.757291666666667
2017-06-25 18:00:00,26.636458333333337
2017-06-25 19:00:00,26.544618055555556
2017-06-25 20:00:00,26.497569444444448
2017-06-25 21:00:00,26.457812500000003
2017-06-25 22:00:00,26.411805555555556
2017-06-25 23:00:00,26.3578125
2017-06-26 00:00:00,26.307986111111116
2017-06-26 01:00:00,26.26197916666667
2017-06-26 02:00:00,26.20746527777778
2017-06-26 03:00:00,26.143229166666668
2017-06-26 04:00:00,26.055902777777778
2017-06-26 05:00:00,25.94236111111111
2017-06-26 06:00:00,25.837500000000002
2017-06-26 07:00:00,25.756944444444443
2017-06-26 08:00:00,25.669965277777777
2017-06-26 09:00:00,25.57638888888889
2017-06-26 10:00:00,25.486979166666668
2017-06-26 11:00:00,25.39756944444445
2017-06-26 12:00:00,25.30451388888889
2017-06-26 13:00:00,25.19565972222222
2017-06-26 14:00:00,25.062152777777772
2017-06-26 15:00:00,24.928125
2017-06-26 16:00:00,24.802430555555556
2017-06-26 17:00:00,24.67361111111111
2017-06-26 18:00:00,24.542013888888885
2017-06-26 19:00:00,24.403645833333332
2017-06-26 20:00:00,24.26006944444444
2017-06-26 21:00:00,24.10434027777778
2017-06-26 22:00:00,23.934027777777782
2017-06-26 23:00:00,23.753472222222225
2017-06-27 00:00:00,23.56336805555556
2017-06-27 01:00:00,23.373784722222226
2017-06-27 02:00:00,23.19913194444445
2017-06-27 03:00:00,23.057291666666668
2017-06-27 04:00:00,22.974305555555553
2017-06-27 05:00:00,22.9609375
2017-06-27 06:00:00,22.98576388888889
2017-06-27 07:00:00,23.02274305555555
2017-06-27 08:00:00,23.075520833333336
2017-06-27 09:00:00,23.12777777777778
2017-06-27 10:00:00,23.1640625
2017-06-27 11:00:00,23.188020833333333
2017-06-27 12:00:00,23.199305555555554
2017-06-27 13:00:00,23.19982638888889
2017-06-27 14:00:00,23.203298611111112
2017-06-27 15:00:00,23.210243055555555
2017-06-27 16:00:00,23.219270833333333
2017-06-27 17:00:00,23.22447916666667
2017-06-27 18:00:00,23.213541666666668
2017-06-27 19:00:00,23.17760416666667
2017-06-27 20:00:00,23.112500000000004
2017-06-27 21:00:00,23.039062500000004
2017-06-27 22:00:00,22.981597222222227
2017-06-27 23:00:00,22.940972222222225
2017-06-28 00:00:00,22.910069444444446
2017-06-28 01:00:00,22.897048611111114
2017-06-28 02:00:00,22.898263888888888
2017-06-28 03:00:00,22.893402777777776
2017-06-28 04:00:00,22.875520833333336
2017-06-28 05:00:00,22.839583333333334
2017-06-28 06:00:00,22.78784722222222
2017-06-28 07:00:00,22.744618055555552
2017-06-28 08:00:00,22.717187499999994
2017-06-28 09:00:00,22.70850694444444
2017-06-28 10:00:00,22.70416666666667
2017-06-28 11:00:00,22.697569444444447
2017-06-28 12:00:00,22.700520833333336
2017-06-28 13:00:00,22.706944444444442
2017-06-28 14:00:00,22.712326388888886
2017-06-28 15:00:00,22.721527777777773
2017-06-28 16:00:00,22.737847222222218
2017-06-28 17:00:00,22.759895833333328
2017-06-28 18:00:00,22.78072916666666
2017-06-28 19:00:00,22.798263888888886
2017-06-28 20:00:00,22.82291666666666
2017-06-28 21:00:00,22.863888888888884
2017-06-28 22:00:00,22.904166666666665
2017-06-28 23:00:00,22.92690972222222
2017-06-29 00:00:00,22.946527777777778
2017-06-29 01:00:00,22.96128472222222
2017-06-29 02:00:00,22.965451388888884
2017-06-29 03:00:00,22.976041666666664
2017-06-29 04:00:00,22.99565972222222
2017-06-29 05:00:00,23.024305555555554
2017-06-29 06:00:00,23.06875
2017-06-29 07:00:00,23.109375000000004
2017-06-29 08:00:00,23.148611111111112
2017-06-29 09:00:00,23.190451388888892
2017-06-29 10:00:00,23.22552083333333
2017-06-29 11:00:00,23.2546875
2017-06-29 12:00:00,23.279513888888886
2017-06-29 13:00:00,23.310590277777777
2017-06-29 14:00:00,23.34809027777778
2017-06-29 15:00:00,23.389930555555555
2017-06-29 16:00:00,23.441319444444446
2017-06-29 17:00:00,23.502951388888892
2017-06-29 18:00:00,23.565451388888892
2017-06-29 19:00:00,23.627083333333335
2017-06-29 20:00:00,23.690972222222225
2017-06-29 21:00:00,23.757638888888884
2017-06-29 22:00:00,23.835416666666667
2017-06-29 23:00:00,23.92326388888889
2017-06-30 00:00:00,24.00434027777778
2017-06-30 01:00:00,24.08628472222222
2017-06-30 02:00:00,24.180902777777778
2017-06-30 03:00:00,24.26579861111111
2017-06-30 04:00:00,24.3375
2017-06-30 05:00:00,24.414062500000004
2017-06-30 06:00:00,24.493750000000002
2017-06-30 07:00:00,24.56371527777778
2017-06-30 08:00:00,24.614062500000003
2017-06-30 09:00:00,24.652083333333337
2017-06-30 10:00:00,24.69461805555556
2017-06-30 11:00:00,24.750173611111112
2017-06-30 12:00:00,24.81892361111111
2017-06-30 13:00:00,24.887847222222224
2017-06-30 14:00:00,24.946875
2017-06-30 15:00:00,24.989756944444444
2017-06-30 16:00:00,25.014756944444443
2017-06-30 17:00:00,25.04635416666666
2017-06-30 18:00:00,25.094965277777774
2017-06-30 19:00:00,25.14913194444444
2017-06-30 20:00:00,25.204340277777774
2017-06-30 21:00:00,25.25607638888889
2017-06-30 22:00:00,25.29305555555555
2017-06-30 23:00:00,25.32118055555555
2017-07-01 00:00:00,25.355555555555554
2017-07-01 01:00:00,25.381249999999998
2017-07-01 02:00:00,25.390104166666667
2017-07-01 03:00:00,25.38784722222222
2017-07-01 04:00:00,25.365104166666665
2017-07-01 05:00:00,25.316493055555554
2017-07-01 06:00:00,25.24097222222222
2017-07-01 07:00:00,25.154166666666665
2017-07-01 08:00:00,25.077777777777776
2017-07-01 09:00:00,25.012847222222224
2017-07-01 10:00:00,24.96840277777778
2017-07-01 11:00:00,24.932291666666668
2017-07-01 12:00:00,24.8859375
2017-07-01 13:00:00,24.828125
2017-07-01 14:00:00,24.77100694444444
2017-07-01 15:00:00,24.720833333333328
2017-07-01 16:00:00,24.665451388888883
2017-07-01 17:00:00,24.597743055555554
2017-07-01 18:00:00,24.517013888888886
2017-07-01 19:00:00,24.436805555555555
2017-07-01 20:00:00,24.365798611111106
2017-07-01 21:00:00,24.30416666666666
2017-07-01 22:00:00,24.264236111111106
2017-07-01 23:00:00,24.233159722222215
2017-07-02 00:00:00,24.20086805555555
2017-07-02 01:00:00,24.17465277777777
2017-07-02 02:00:00,24.147395833333327
2017-07-02 03:00:00,24.12864583333333
2017-07-02 04:00:00,24.11614583333333
2017-07-02 05:00:00,24.102777777777774
2017-07-02 06:00:00,24.094270833333326
2017-07-02 07:00:00,24.10625
2017-07-02 08:00:00,24.13576388888889
2017-07-02 09:00:00,24.1625
2017-07-02 10:00:00,24.174305555555552
2017-07-02 11:00:00,24.16927083333333
2017-07-02 12:00:00,24.165624999999995
2017-07-02 13:00:00,24.17569444444444
2017-07-02 14:00:00,24.198090277777773
2017-07-02 15:00:00,24.2328125
2017-07-02 16:00:00,24.275694444444444
2017-07-02 17:00:00,24.324826388888887
2017-07-02 18:00:00,24.406076388888888
2017-07-02 19:00:00,24.505208333333332
2017-07-02 20:00:00,24.586631944444445
2017-07-02 21:00:00,24.64427083333333
2017-07-02 22:00:00,24.683159722222225
2017-07-02 23:00:00,24.723958333333336
2017-07-03 00:00:00,24.76336805555556
2017-07-03 01:00:00,24.80069444444445
2017-07-03 02:00:00,24.840625
2017-07-03 03:00:00,24.865972222222226
2017-07-03 04:00:00,24.877083333333335
2017-07-03 05:00:00,24.88090277777778
2017-07-03 06:00:00,24.884027777777778
2017-07-03 07:00:00,24.881249999999998
2017-07-03 08:00:00,24.868576388888886
2017-07-03 09:00:00,24.86458333333333
2017-07-03 10:00:00,24.86440972222222
2017-07-03 11:00:00,24.860590277777778
2017-07-03 12:00:00,24.858333333333334
2017-07-03 13:00:00,24.867881944444445
2017-07-03 14:00:00,24.89131944444444
2017-07-03 15:00:00,24.918402777777775
2017-07-03 16:00:00,24.946006944444445
2017-07-03 17:00:00,24.968055555555555
2017-07-03 18:00:00,24.9734375
2017-07-03 19:00:00,24.967708333333338
2017-07-03 20:00:00,24.964930555555554
2017-07-03 21:00:00,24.973090277777775
2017-07-03 22:00:00,24.99895833333333
2017-07-03 23:00:00,25.036111111111108
2017-07-04 00:00:00,25.075694444444444
2017-07-04 01:00:00,25.114930555555553
2017-07-04 02:00:00,25.151041666666668
2017-07-04 03:00:00,25.18472222222222
2017-07-04 04:00:00,25.213888888888885
2017-07-04 05:00:00,25.233333333333334
2017-07-04 06:00:00,25.255902777777777
2017-07-04 07:00:00,25.28732638888889
2017-07-04 08:00:00,25.310763888888893
2017-07-04 09:00:00,25.30868055555556
2017-07-04 10:00:00,25.29826388888889
2017-07-04 11:00:00,25.31076388888889
2017-07-04 12:00:00,25.397395833333334
2017-07-04 13:00:00,
2017-07-04 14:00:00,
2017-07-04 15:00:00,
2017-07-04 16:00:00,
2017-07-04 17:00:00,
2017-07-04 18:00:00,
2017-07-04 19:00:00,
2017-07-04 20:00:00,
2017-07-04 21:00:00,
2017-07-04 22:00:00,
2017-07-04 23:00:00,
2017-07-05 00:00:00,
