timestamp,residual
2017-05-01 00:00:00,
2017-05-01 01:00:00,
2017-05-01 02:00:00,
2017-05-01 03:00:00,
2017-05-01 04:00:00,
2017-05-01 05:00:00,
2017-05-01 06:00:00,
2017-05-01 07:00:00,
2017-05-01 08:00:00,
2017-05-01 09:00:00,
2017-05-01 10:00:00,
2017-05-01 11:00:00,
2017-05-01 12:00:00,-0.3368364782958295
2017-05-01 13:00:00,-0.9691934160629199
2017-05-01 14:00:00,-2.2271930905420874
2017-05-01 15:00:00,-2.975853029778201
2017-05-01 16:00:00,-1.9873900306462546
2017-05-01 17:00:00,-0.5605562632851413
2017-05-01 18:00:00,0.9311266794231905
2017-05-01 19:00:00,1.536465221089859
2017-05-01 20:00:00,1.815298228902364
2017-05-01 21:00:00,2.194567977166244
2017-05-01 22:00:00,2.1138740752565255
2017-05-01 23:00:00,1.7611342749093026
2017-05-02 00:00:00,1.0725627688329116
2017-05-02 01:00:00,-0.6353094099865331
2017-05-02 02:00:00,-0.41397965738236486
2017-05-02 03:00:00,0.4673924129301339
2017-05-02 04:00:00,0.6931356854995778
2017-05-02 05:00:00,0.5516860327217987
2017-05-02 06:00:00,0.02197411865930121
2017-05-02 07:00:00,-0.5224621877643134
2017-05-02 08:00:00,-0.7255546356809752
2017-05-02 09:00:00,-0.38073312960459127
2017-05-02 10:00:00,-0.043553225090699144
2017-05-02 11:00:00,-0.0951862546045863
2017-05-02 12:00:00,-0.35489203385138346
2017-05-02 13:00:00,-1.4454086938406991
2017-05-02 14:00:00,-2.430491701653203
2017-05-02 15:00:00,-3.022728029778201
2017-05-02 16:00:00,-2.3261053084240384
2017-05-02 17:00:00,-0.7461465410629256
2017-05-02 18:00:00,0.6788697349787434
2017-05-02 19:00:00,1.488895776645407
2017-05-02 20:00:00,2.1774510066801263
2017-05-02 21:00:00,2.1338040882773512
2017-05-02 22:00:00,1.996860186367634
2017-05-02 23:00:00,1.8316203860204148
2017-05-03 00:00:00,0.9581530466106916
2017-05-03 01:00:00,-0.9127399655420909
2017-05-03 02:00:00,-0.5388060462712563
2017-05-03 03:00:00,0.2809340795968014
2017-05-03 04:00:00,0.7913995743884668
2017-05-03 05:00:00,0.8140124216106894
2017-05-03 06:00:00,0.29836300754818446
2017-05-03 07:00:00,-0.11378163220875415
2017-05-03 08:00:00,0.2925009198745787
2017-05-03 09:00:00,0.20346825928430157
2017-05-03 10:00:00,-0.31351850286848126
2017-05-03 11:00:00,-1.1819918101601434
2017-05-03 12:00:00,-1.2194753671847192
2017-05-03 13:00:00,-2.0662420271740363
2017-05-03 14:00:00,-3.099588923875423
2017-05-03 15:00:00,-3.371686363111537
2017-05-03 16:00:00,-2.5519733639795863
2017-05-03 17:00:00,-0.18277848550736486
2017-05-03 18:00:00,1.4429322349787448
2017-05-03 19:00:00,2.6322985544231834
2017-05-03 20:00:00,2.813909340013467
2017-05-03 21:00:00,2.755852699388459
2017-05-03 22:00:00,2.4819296308120826
2017-05-03 23:00:00,2.364259274909301
2017-05-04 00:00:00,1.4232572132773544
2017-05-04 01:00:00,-1.0705524655420895
2017-05-04 02:00:00,-0.5085977129379238
2017-05-04 03:00:00,-0.30760758706986646
2017-05-04 04:00:00,0.060670407721800323
2017-05-04 05:00:00,-0.09588341172264414
2017-05-04 06:00:00,0.09107134088152158
2017-05-04 07:00:00,-0.09086496554208878
2017-05-04 08:00:00,-0.47190880234764343
2017-05-04 09:00:00,-0.7197956296045867
2017-05-04 10:00:00,-0.7751504473129227
2017-05-04 11:00:00,-0.9182765323823698
2017-05-04 12:00:00,-1.0123573116291578
2017-05-04 13:00:00,-2.1447142493962534
2017-05-04 14:00:00,-2.744727812764312
2017-05-04 15:00:00,-2.8202974742226425
2017-05-04 16:00:00,-1.4505844750907053
2017-05-04 17:00:00,0.160103458937078
2017-05-04 18:00:00,1.8965780683120776
2017-05-04 19:00:00,2.9539999433120734
2017-05-04 20:00:00,3.0696385066801355
2017-05-04 21:00:00,2.5813735327217984
2017-05-04 22:00:00,2.1935615752565205
2017-05-04 23:00:00,1.7515856637981884
2017-05-05 00:00:00,0.2782919354995794
2017-05-05 01:00:00,-1.3544066322087538
2017-05-05 02:00:00,-1.0405421573823652
2017-05-05 03:00:00,-0.9164617537365372
2017-05-05 04:00:00,-0.13637820338931395
2017-05-05 05:00:00,0.1105401993884616
2017-05-05 06:00:00,0.5094741186592966
2017-05-05 07:00:00,1.4827461455690205
2017-05-05 08:00:00,1.4789592532079165
2017-05-05 09:00:00,1.5331557592842984
2017-05-05 10:00:00,2.1026273304648555
2017-05-05 11:00:00,2.437799856506519
2017-05-05 12:00:00,2.571670466148616
2017-05-05 13:00:00,2.602507972825965
2017-05-05 14:00:00,2.7413832983468005
2017-05-05 15:00:00,2.8416816924440225
2017-05-05 16:00:00,0.26538774713151825
2017-05-05 17:00:00,-2.1848618188407
2017-05-05 18:00:00,-4.427206653910144
2017-05-05 19:00:00,-0.8682222789101459
2017-05-05 20:00:00,-4.6494587155420835
2017-05-05 21:00:00,-3.0649806339448684
2017-05-05 22:00:00,-6.576750924743477
2017-05-05 23:00:00,-3.6248032250907016
2017-05-06 00:00:00,-2.5585136200559777
2017-05-06 01:00:00,-0.9458996877643138
2017-05-06 02:00:00,-0.830993546271257
2017-05-06 03:00:00,-0.2964964759587554
2017-05-06 04:00:00,0.6736912410551339
2017-05-06 05:00:00,1.6134915882773546
2017-05-06 06:00:00,2.121279674214856
2017-05-06 07:00:00,3.3193780900134664
2017-05-06 08:00:00,4.632605086541248
2017-05-06 09:00:00,5.848780759284299
2017-05-06 10:00:00,8.182141219353742
2017-05-06 11:00:00,9.002904023173189
2017-05-06 12:00:00,10.486948243926394
2017-05-06 13:00:00,10.693132972825968
2017-05-06 14:00:00,9.168293020569024
2017-05-06 15:00:00,4.512515025777355
2017-05-06 16:00:00,-0.44173030842403427
2017-05-06 17:00:00,-6.76437570772959
2017-05-06 18:00:00,-12.173560820576814
2017-05-06 19:00:00,-14.461972278910144
2017-05-06 20:00:00,-14.64841704887542
2017-05-06 21:00:00,-16.161161189500426
2017-05-06 22:00:00,-15.432827313632364
2017-05-06 23:00:00,-13.0435532250907
2017-05-07 00:00:00,-8.435770564500421
2017-05-07 01:00:00,-4.390691354430977
2017-05-07 02:00:00,-0.9584241018268105
2017-05-07 03:00:00,2.4024618573745786
2017-05-07 04:00:00,4.298864852166245
2017-05-07 05:00:00,5.746130477166245
2017-05-07 06:00:00,7.007043563103744
2017-05-07 07:00:00,7.266079478902355
2017-05-07 08:00:00,6.4395495309856905
2017-05-07 09:00:00,5.69895437039541
2017-05-07 10:00:00,6.4331828860204086
2017-05-07 11:00:00,6.878424856506522
2017-05-07 12:00:00,7.011774632815282
2017-05-07 13:00:00,6.877681583937077
2017-05-07 14:00:00,6.774543020569022
2017-05-07 15:00:00,1.8050497479995764
2017-05-07 16:00:00,-2.616383086201812
2017-05-07 17:00:00,-3.055868763285144
2017-05-07 18:00:00,-8.292310820576812
2017-05-07 19:00:00,-4.977423667799034
2017-05-07 20:00:00,-6.135743437764308
2017-05-07 21:00:00,-11.051091745055977
2017-05-07 22:00:00,-10.807132869187917
2017-05-07 23:00:00,-10.082268502868478
2017-05-08 00:00:00,-4.666846953389312
2017-05-08 01:00:00,-0.6082260766531995
2017-05-08 02:00:00,1.895742564839856
2017-05-08 03:00:00,3.519475746263466
2017-05-08 04:00:00,3.2365384632773555
2017-05-08 05:00:00,3.725297143832912
2017-05-08 06:00:00,3.9157241186593
2017-05-08 07:00:00,4.1806628122356875
2017-05-08 08:00:00,4.091980086541245
2017-05-08 09:00:00,4.090794648173187
2017-05-08 10:00:00,3.8413426082426305
2017-05-08 11:00:00,2.9994318009509673
2017-05-08 12:00:00,4.1039621328152815
2017-05-08 13:00:00,4.177160750603746
2017-05-08 14:00:00,3.5134319094579096
2017-05-08 15:00:00,2.0310914146662435
2017-05-08 16:00:00,0.9054919137981889
2017-05-08 17:00:00,-1.2329520966184777
2017-05-08 18:00:00,-1.3752969316879256
2017-05-08 19:00:00,-1.6272500566879202
2017-05-08 20:00:00,-6.314562882208751
2017-05-08 21:00:00,-9.826786189500423
2017-05-08 22:00:00,-9.379007869187921
2017-05-08 23:00:00,-8.983136558424034
2017-05-09 00:00:00,-3.9527844533893095
2017-05-09 01:00:00,0.18708642334679837
2017-05-09 02:00:00,2.700430064839855
2017-05-09 03:00:00,4.197947968485688
2017-05-09 04:00:00,4.002857907721801
2017-05-09 05:00:00,3.041616588277356
2017-05-09 06:00:00,2.876488007548188
2017-05-09 07:00:00,2.7436836455690203
2017-05-09 08:00:00,2.3990981420967996
2017-05-09 09:00:00,2.352600203728743
2017-05-09 10:00:00,1.882141219353743
2017-05-09 11:00:00,0.9846748565065244
2017-05-09 12:00:00,-0.1628781449624963
2017-05-09 13:00:00,0.5379246394926334
2017-05-09 14:00:00,1.009265242791244
2017-05-09 15:00:00,0.715640025777355
2017-05-09 16:00:00,-0.8304455862018114
2017-05-09 17:00:00,-1.2418062632851434
2017-05-09 18:00:00,-1.666269153910143
2017-05-09 19:00:00,-1.1992986677990345
2017-05-09 20:00:00,-2.506055937764309
2017-05-09 21:00:00,-2.102307022833756
2017-05-09 22:00:00,0.00675601970096551
2017-05-09 23:00:00,0.2967245526870794
2017-05-10 00:00:00,-0.6571247311670838
2017-05-10 01:00:00,-0.42714968776431306
2017-05-10 02:00:00,0.3999092315065216
2017-05-10 03:00:00,0.8906563018190186
2017-05-10 04:00:00,1.204073185499575
2017-05-10 05:00:00,1.0671374216106901
2017-05-10 06:00:00,0.8667657853259669
2017-05-10 07:00:00,0.8638225344579116
2017-05-10 08:00:00,0.7808689754301348
2017-05-10 09:00:00,0.7631904815065251
2017-05-10 10:00:00,0.705925941575968
2017-05-10 11:00:00,0.7591540231731901
2017-05-10 12:00:00,0.7607329661486144
2017-05-10 13:00:00,0.29400102838152087
2017-05-10 14:00:00,1.0894735761245773
2017-05-10 15:00:00,0.7685914146662425
2017-05-10 16:00:00,-0.6465914195351468
2017-05-10 17:00:00,-0.9098618188407013
2017-05-10 18:00:00,-0.9035955427990388
2017-05-10 19:00:00,-0.3942639455768102
2017-05-10 20:00:00,-2.386611493319865
2017-05-10 21:00:00,-1.6601195228337566
2017-05-10 22:00:00,-1.6166814802990324
2017-05-10 23:00:00,-0.7824421139795881
2017-05-11 00:00:00,-1.0727497311670842
2017-05-11 01:00:00,-0.9028441322087524
2017-05-11 02:00:00,0.0012981203954165466
2017-05-11 03:00:00,0.13822574626346817
2017-05-11 04:00:00,0.661017629944026
2017-05-11 05:00:00,0.7417901993884719
2017-05-11 06:00:00,0.6664185631037469
2017-05-11 07:00:00,0.9166003122356923
2017-05-11 08:00:00,2.0046536976523583
2017-05-11 09:00:00,1.7541627037287473
2017-05-11 10:00:00,2.026238441575968
2017-05-11 11:00:00,1.707765134284303
2017-05-11 12:00:00,2.1353857439263937
2017-05-11 13:00:00,2.5309801950481887
2017-05-11 14:00:00,2.184786076124576
2017-05-11 15:00:00,1.1380358591106878
2017-05-11 16:00:00,0.7129571915759618
2017-05-11 17:00:00,-0.2282645966184802
2017-05-11 18:00:00,-0.47442887613236984
2017-05-11 19:00:00,-4.183847278910145
2017-05-11 20:00:00,-4.67202815998653
2017-05-11 21:00:00,-4.417584800611534
2017-05-11 22:00:00,-1.009042591410143
2017-05-11 23:00:00,-3.4171643362018145
2017-05-12 00:00:00,-6.802784453389311
2017-05-12 01:00:00,-1.4719413544309798
2017-05-12 02:00:00,0.6414022870620766
2017-05-12 03:00:00,1.182843801819021
2017-05-12 04:00:00,0.8745592966106868
2017-05-12 05:00:00,1.650297143832911
2017-05-12 06:00:00,2.573710229770411
2017-05-12 07:00:00,5.111912812235688
2017-05-12 08:00:00,6.762118975430136
2017-05-12 09:00:00,7.542704370395411
2017-05-12 10:00:00,8.024502330464856
2017-05-12 11:00:00,8.346827634284299
2017-05-12 12:00:00,8.37548991059306
2017-05-12 13:00:00,7.412056583937081
2017-05-12 14:00:00,5.4653416316801335
2017-05-12 15:00:00,1.6514039146662451
2017-05-12 16:00:00,-5.496417808424034
2017-05-12 17:00:00,-11.819931263285145
2017-05-12 18:00:00,-15.39474137613237
2017-05-12 19:00:00,-15.587319501132367
2017-05-12 20:00:00,-13.500153159986532
2017-05-12 21:00:00,-6.77314035616709
2017-05-12 22:00:00,-3.708868980299032
2017-05-12 23:00:00,-0.8777546139795902
2017-05-13 00:00:00,-0.8579927867226438
2017-05-13 01:00:00,2.9584405900134687
2017-05-13 02:00:00,3.9618883981731896
2017-05-13 03:00:00,3.7383993573745777
2017-05-13 04:00:00,4.373344018832912
2017-05-13 05:00:00,2.942658254944022
2017-05-13 06:00:00,2.538640785325967
2017-05-13 07:00:00,1.4381280900134659
2017-05-13 08:00:00,0.6239245309856898
2017-05-13 09:00:00,-0.07187896293792484
2017-05-13 10:00:00,-0.39025461397959127
2017-05-13 11:00:00,-0.5906723657156991
2017-05-13 12:00:00,-0.5568017560736074
2017-05-13 13:00:00,-0.6717975827295888
2017-05-13 14:00:00,-0.31347781276431164
2017-05-13 15:00:00,-0.48800580755597966
2017-05-13 16:00:00,0.0707696915759668
2017-05-13 17:00:00,0.805763181159298
2017-05-13 18:00:00,1.6903280683120805
2017-05-13 19:00:00,-0.030201445576810926
2017-05-13 20:00:00,0.3781454511245812
2017-05-13 21:00:00,-3.616369522833759
2017-05-13 22:00:00,-2.3267509247434752
2017-05-13 23:00:00,0.44377316379818943
2017-05-14 00:00:00,1.2383613799440258
2017-05-14 01:00:00,1.2473294789023566
2017-05-14 02:00:00,0.2025133981731866
2017-05-14 03:00:00,-0.21246869818098002
2017-05-14 04:00:00,-0.04905181450042484
2017-05-14 05:00:00,0.04474158827735586
2017-05-14 06:00:00,0.16121022977041122
2017-05-14 07:00:00,0.6113919789023559
2017-05-14 08:00:00,0.5772231420968001
2017-05-14 09:00:00,0.9635377037287434
2017-05-14 10:00:00,0.5892592749092991
2017-05-14 11:00:00,0.532417912062078
2017-05-14 12:00:00,0.4982329661486169
2017-05-14 13:00:00,0.5556329728259684
2017-05-14 14:00:00,1.1637791316801334
2017-05-14 15:00:00,0.5154664146662435
2017-05-14 16:00:00,0.7431655249092997
2017-05-14 17:00:00,1.5854506811592977
2017-05-14 18:00:00,1.8512655683120762
2017-05-14 19:00:00,2.992541609978744
2017-05-14 20:00:00,-1.1136948266531945
2017-05-14 21:00:00,-8.793279245055981
2017-05-14 22:00:00,-6.190987035854588
2017-05-14 23:00:00,-3.5180323917573695
2017-05-15 00:00:00,-4.029173342278201
2017-05-15 01:00:00,-1.2643024655420891
2017-05-15 02:00:00,0.48376339817319014
2017-05-15 03:00:00,1.113225746263466
2017-05-15 04:00:00,1.3908787410551327
2017-05-15 05:00:00,0.17095686605513372
2017-05-15 06:00:00,1.065897729770409
2017-05-15 07:00:00,1.7580933677912434
2017-05-15 08:00:00,3.2147231420967994
2017-05-15 09:00:00,5.8737807592842985
2017-05-15 10:00:00,6.689085663798187
2017-05-15 11:00:00,8.006029023173188
2017-05-15 12:00:00,8.52253852170417
2017-05-15 13:00:00,8.41101491727041
2017-05-15 14:00:00,8.826279131680131
2017-05-15 15:00:00,7.768591414666244
2017-05-15 16:00:00,2.8402141360204096
2017-05-15 17:00:00,0.0014229033815222891
2017-05-15 18:00:00,-4.8088038761323695
2017-05-15 19:00:00,-13.790097278910142
2017-05-15 20:00:00,-17.81421565998653
2017-05-15 21:00:00,-20.825570911722643
2017-05-15 22:00:00,-16.491507869187917
2017-05-15 23:00:00,-13.732094891757367
2017-05-16 00:00:00,-9.830215008944865
2017-05-16 01:00:00,-3.0854830210976445
2017-05-16 02:00:00,1.6962633981731896
2017-05-16 03:00:00,4.567392412930133
2017-05-16 04:00:00,5.985496796610689
2017-05-16 05:00:00,6.577033254944023
2017-05-16 06:00:00,7.896974118659299
2017-05-16 07:00:00,8.017294756680132
2017-05-16 08:00:00,7.590243975430134
2017-05-16 09:00:00,6.9017321481731875
2017-05-16 10:00:00,6.181273163798187
2017-05-16 11:00:00,6.07668874539541
2017-05-16 12:00:00,7.181045466148616
2017-05-16 13:00:00,7.090528806159299
2017-05-16 14:00:00,7.3031888539023555
2017-05-16 15:00:00,4.945327525777355
2017-05-16 16:00:00,1.545422469353743
2017-05-16 17:00:00,-2.655695152174033
2017-05-16 18:00:00,-6.398213598354589
2017-05-16 19:00:00,-7.690444501132365
2017-05-16 20:00:00,-13.559354548875419
2017-05-16 21:00:00,-16.63130007838931
2017-05-16 22:00:00,-15.311299535854584
2017-05-16 23:00:00,-10.402233780646256
2017-05-17 00:00:00,-8.314763620055977
2017-05-17 01:00:00,-2.5608302433198666
2017-05-17 02:00:00,1.5665758981731894
2017-05-17 03:00:00,4.191871579596801
2017-05-17 04:00:00,5.167094018832911
2017-05-17 05:00:00,5.871477699388466
2017-05-17 06:00:00,6.483606063103744
2017-05-17 07:00:00,6.7327461455690205
2017-05-17 08:00:00,6.847188419874579
2017-05-17 09:00:00,6.476211314839855
2017-05-17 10:00:00,4.919293997131519
2017-05-17 11:00:00,5.465230412062077
2017-05-17 12:00:00,5.544587132815282
2017-05-17 13:00:00,4.0238621394926355
2017-05-17 14:00:00,2.4554457983467994
2017-05-17 15:00:00,-0.9541516408893136
2017-05-17 16:00:00,-2.5837441973129245
2017-05-17 17:00:00,-4.921320152174035
2017-05-17 18:00:00,-8.205158042799034
2017-05-17 19:00:00,-9.015270890021254
2017-05-17 20:00:00,-5.750500382208756
2017-05-17 21:00:00,-6.149529245055977
2017-05-17 22:00:00,-4.042028702521252
2017-05-17 23:00:00,0.31478010824263336
2017-05-18 00:00:00,0.3017294354995794
2017-05-18 01:00:00,1.2997600344579094
2017-05-18 02:00:00,1.9436592315065244
2017-05-18 03:00:00,1.9394410240412459
2017-05-18 04:00:00,2.213448185499577
2017-05-18 05:00:00,2.4945679771662466
2017-05-18 06:00:00,2.501488007548188
2017-05-18 07:00:00,1.9042739233468016
2017-05-18 08:00:00,1.3496189754301362
2017-05-18 09:00:00,1.3355863148398548
2017-05-18 10:00:00,0.46252316379819014
2017-05-18 11:00:00,0.2702651342843012
2017-05-18 12:00:00,0.11976074392639369
2017-05-18 13:00:00,0.19243852838152264
2017-05-18 14:00:00,0.9827027427912451
2017-05-18 15:00:00,-1.2515474742226447
2017-05-18 16:00:00,-2.4365219750907006
2017-05-18 17:00:00,-2.3859034855073684
2017-05-18 18:00:00,-2.1055052650212573
2017-05-18 19:00:00,-1.513882001132366
2017-05-18 20:00:00,-0.5798406599865302
2017-05-18 21:00:00,0.5843249216106905
2017-05-18 22:00:00,-0.03421620252125024
2017-05-18 23:00:00,0.18648149713152584
2017-05-19 00:00:00,1.3932224910551323
2017-05-19 01:00:00,0.9553155900134662
2017-05-19 02:00:00,0.9282078426176383
2017-05-19 03:00:00,0.3318021351523557
2017-05-19 04:00:00,0.35459401883291264
2017-05-19 05:00:00,0.7478665882773576
2017-05-19 06:00:00,0.9202380075481891
2017-05-19 07:00:00,0.7148642011245787
2017-05-19 08:00:00,0.4534384198745798
2017-05-19 09:00:00,0.3329821481731887
2017-05-19 10:00:00,0.37484955268707765
2017-05-19 11:00:00,0.003598467617633716
2017-05-19 12:00:00,-0.43944064496249347
2017-05-19 13:00:00,-0.3290892493962527
2017-05-19 14:00:00,0.03565413168013265
2017-05-19 15:00:00,0.5323066924440214
2017-05-19 16:00:00,-0.6741955862018079
2017-05-19 17:00:00,-0.9175007077295891
2017-05-19 18:00:00,-0.624949709465703
2017-05-19 19:00:00,-1.5690903344656988
2017-05-19 20:00:00,-0.06004899331986735
2017-05-19 21:00:00,-0.6170639672781952
2017-05-19 22:00:00,-0.09775786918791596
2017-05-19 23:00:00,-0.14962961397958807
2017-05-20 00:00:00,1.0961738799440202
2017-05-20 01:00:00,0.1287530900134648
2017-05-20 02:00:00,0.1926175648398516
2017-05-20 03:00:00,-0.2812186981809779
2017-05-20 04:00:00,-0.0046073700559778885
2017-05-20 05:00:00,0.5440471438329073
2017-05-20 06:00:00,0.5530505075481909
2017-05-20 07:00:00,0.2068780900134648
2017-05-20 08:00:00,0.08156341987457694
2017-05-20 09:00:00,0.426384925950968
2017-05-20 10:00:00,0.12936344157596658
2017-05-20 11:00:00,0.021306800950965155
2017-05-20 12:00:00,0.01455241059306367
2017-05-20 13:00:00,0.1525079728259673
2017-05-20 14:00:00,0.18287635390235302
2017-05-20 15:00:00,-0.28696414088931643
2017-05-20 16:00:00,-0.5564872528684768
2017-05-20 17:00:00,-0.5306951521740384
2017-05-20 18:00:00,0.5269600127565219
2017-05-20 19:00:00,0.22118744331207907
2017-05-20 20:00:00,0.03491628445791761
2017-05-20 21:00:00,0.2671374216106912
2017-05-20 22:00:00,0.9126587974787519
2017-05-20 23:00:00,1.2038426082426419
2017-05-21 00:00:00,0.5227363799440266
2017-05-21 01:00:00,-0.32506635443097665
2017-05-21 02:00:00,0.06900645372874337
2017-05-21 03:00:00,-0.39024647595875717
2017-05-21 04:00:00,0.06258012994402318
2017-05-21 05:00:00,0.42668603272179695
2017-05-21 06:00:00,-0.0037203257851388116
2017-05-21 07:00:00,0.03465586779124408
2017-05-21 08:00:00,-0.1727768579031963
2017-05-21 09:00:00,-0.1911497962712545
2017-05-21 10:00:00,-0.389212947312922
2017-05-21 11:00:00,-0.43876264349347593
2017-05-21 12:00:00,-1.0633989782958313
2017-05-21 13:00:00,-1.2436725827295891
2017-05-21 14:00:00,-0.9197278127643091
2017-05-21 15:00:00,-0.5996377520004179
2017-05-21 16:00:00,-0.20179975286847607
2017-05-21 17:00:00,0.5191312367148537
2017-05-21 18:00:00,1.3443211238676334
2017-05-21 19:00:00,-0.9321111677990288
2017-05-21 20:00:00,0.1189440622356912
2017-05-21 21:00:00,1.560192977166249
2017-05-21 22:00:00,1.1190824085898647
2017-05-21 23:00:00,1.4849189971315226
2017-05-22 00:00:00,0.939055824388463
2017-05-22 01:00:00,-0.23982329887542164
2017-05-22 02:00:00,-0.533076879604593
2017-05-22 03:00:00,-1.0164617537365368
2017-05-22 04:00:00,-0.7318643145004247
2017-05-22 05:00:00,-0.4759181339448677
2017-05-22 06:00:00,-0.168303659118477
2017-05-22 07:00:00,-0.5221149655420891
2017-05-22 08:00:00,-0.07711713568097345
2017-05-22 09:00:00,-0.19601090738236948
2017-05-22 10:00:00,-0.5629976695351537
2017-05-22 11:00:00,-0.6767834768268113
2017-05-22 12:00:00,-0.9510725894069374
2017-05-22 13:00:00,-0.14124202717403378
2017-05-22 14:00:00,0.2363485761245787
2017-05-22 15:00:00,-0.2947766408893093
2017-05-22 16:00:00,0.03118635824263749
2017-05-22 17:00:00,-0.44944515217403413
2017-05-22 18:00:00,0.8785225127565219
2017-05-22 19:00:00,0.44080549886763265
2017-05-22 20:00:00,1.9066176733468048
2017-05-22 21:00:00,1.5449151993884627
2017-05-22 22:00:00,2.0107490752565162
2017-05-22 23:00:00,2.3420370526870755
2017-05-23 00:00:00,1.0942641577218009
2017-05-23 01:00:00,-0.8108302433198737
2017-05-23 02:00:00,-2.0511324351601523
2017-05-23 03:00:00,-1.728961753736539
2017-05-23 04:00:00,-0.8712740367226504
2017-05-23 05:00:00,-0.38182091172264876
2017-05-23 06:00:00,0.07145328532596373
2017-05-23 07:00:00,0.23743364556901625
2017-05-23 08:00:00,-0.12920046901431448
2017-05-23 09:00:00,-0.49410118516014556
2017-05-23 10:00:00,-0.7004976695351459
2017-05-23 11:00:00,-1.2290404212712556
2017-05-23 12:00:00,-1.0875309227402674
2017-05-23 13:00:00,-0.6646795271740302
2017-05-23 14:00:00,0.6191610761245769
2017-05-23 15:00:00,1.00678585911069
2017-05-23 16:00:00,0.2848321915759675
2017-05-23 17:00:00,0.081978458937078
2017-05-23 18:00:00,1.754216957200967
2017-05-23 19:00:00,2.1184096655342977
2017-05-23 20:00:00,2.5059232289023576
2017-05-23 21:00:00,2.150817977166245
2017-05-23 22:00:00,0.8135268530343076
2017-05-23 23:00:00,-0.34980322509069595
2017-05-24 00:00:00,-0.1394163978337577
2017-05-24 01:00:00,-0.3005871877643109
2017-05-24 02:00:00,-0.18585465738236806
2017-05-24 03:00:00,-0.6267048092920939
2017-05-24 04:00:00,-0.5945379256115304
2017-05-24 05:00:00,-0.5434528561670877
2017-05-24 06:00:00,-0.18809532578514343
2017-05-24 07:00:00,0.40357947890235124
2017-05-24 08:00:00,0.612466197652358
2017-05-24 09:00:00,0.12447520372874266
2017-05-24 10:00:00,-0.528275447312927
2017-05-24 11:00:00,-0.44258208793792164
2017-05-24 12:00:00,-0.4479475894069367
2017-05-24 13:00:00,0.38584130615930334
2017-05-24 14:00:00,1.9741957983468001
2017-05-24 15:00:00,2.493591414666242
2017-05-24 16:00:00,2.5645196915759687
2017-05-24 17:00:00,-4.758993763285149
2017-05-24 18:00:00,-3.2410955427990373
2017-05-24 19:00:00,-1.566312556687926
2017-05-24 20:00:00,1.5769301733468026
2017-05-24 21:00:00,2.4659221438329126
2017-05-24 22:00:00,-1.7451537025212502
2017-05-24 23:00:00,1.128842608242632
2017-05-25 00:00:00,-0.4071247311670856
2017-05-25 01:00:00,-0.5339205210976417
2017-05-25 02:00:00,-1.483944935160137
2017-05-25 03:00:00,-1.1556978648476415
2017-05-25 04:00:00,-0.7990518145004168
2017-05-25 05:00:00,-0.12921674505597558
2017-05-25 06:00:00,-0.328720325785147
2017-05-25 07:00:00,-0.6804482988754224
2017-05-25 08:00:00,-0.32920046901430844
2017-05-25 09:00:00,0.15641964817318588
2017-05-25 10:00:00,-0.06837961397958914
2017-05-25 11:00:00,-0.4184501434934784
2017-05-25 12:00:00,-0.8422184227402756
2017-05-25 13:00:00,-1.2516586938406977
2017-05-25 14:00:00,-1.5365680905420884
2017-05-25 15:00:00,-0.9812349742226418
2017-05-25 16:00:00,-0.05110530842402894
2017-05-25 17:00:00,1.3111451256037423
2017-05-25 18:00:00,3.346404457200965
2017-05-25 19:00:00,4.519451332200969
2017-05-25 20:00:00,4.338562117791252
2017-05-25 21:00:00,3.789012421610689
2017-05-25 22:00:00,3.7300199085898598
2017-05-25 23:00:00,2.5724189971315283
2017-05-26 00:00:00,1.62429887994403
2017-05-26 01:00:00,-1.019510798875416
2017-05-26 02:00:00,-2.284292157382362
2017-05-26 03:00:00,-2.6859061981809704
2017-05-26 04:00:00,-2.466933758944868
2017-05-26 05:00:00,-1.9878973006115288
2017-05-26 06:00:00,-1.8592758813406967
2017-05-26 07:00:00,-1.8240246877643091
2017-05-26 08:00:00,-1.5418740801254174
2017-05-26 09:00:00,-1.408337296271256
2017-05-26 10:00:00,-1.6343518362018123
2017-05-26 11:00:00,-1.7790404212712527
2017-05-26 12:00:00,-1.8939545338513835
2017-05-26 13:00:00,-1.6818670271740306
2017-05-26 14:00:00,-1.3327486460976417
2017-05-26 15:00:00,0.04619558133291246
2017-05-26 16:00:00,2.593165524909301
2017-05-26 17:00:00,4.753853458937076
2017-05-26 18:00:00,-2.5574149872434777
2017-05-26 19:00:00,-2.8925278344656995
2017-05-26 20:00:00,-1.6159517710976452
2017-05-26 21:00:00,2.5362346438329126
2017-05-26 22:00:00,1.5926935197009655
2017-05-26 23:00:00,1.3231134415759698
2017-05-27 00:00:00,0.8536391577218012
2017-05-27 01:00:00,-0.9375663544309774
2017-05-27 02:00:00,0.37508284261763514
2017-05-27 03:00:00,1.5397882462634707
2017-05-27 04:00:00,0.9464342966106907
2017-05-27 05:00:00,-0.6668903561670874
2017-05-27 06:00:00,-1.1750744924518095
2017-05-27 07:00:00,-1.204406632208757
2017-05-27 08:00:00,-1.8285060245698617
2017-05-27 09:00:00,-2.1074692407157
2017-05-27 10:00:00,-1.803969891757367
2017-05-27 11:00:00,-2.376436254604588
2017-05-27 12:00:00,-3.065655922740275
2017-05-27 13:00:00,-3.2632906382851434
2017-05-27 14:00:00,-3.1127833683198673
2017-05-27 15:00:00,-1.1952974742226443
2017-05-27 16:00:00,0.9846585804648547
2017-05-27 17:00:00,2.8708673478259694
2017-05-27 18:00:00,4.2431058460898505
2017-05-27 19:00:00,5.229347165534293
2017-05-27 20:00:00,5.957312117791247
2017-05-27 21:00:00,5.651859643832903
2017-05-27 22:00:00,5.237311575256516
2017-05-27 23:00:00,4.415995386020409
2017-05-28 00:00:00,2.1720419354995766
2017-05-28 01:00:00,-0.4009344099865366
2017-05-28 02:00:00,-1.9030421573823677
2017-05-28 03:00:00,-2.5563923092920886
2017-05-28 04:00:00,-2.6341212589448615
2017-05-28 05:00:00,-2.6378973006115327
2017-05-28 06:00:00,-2.3974703257851413
2017-05-28 07:00:00,-2.6655177433198656
2017-05-28 08:00:00,-2.9229504690143067
2017-05-28 09:00:00,-3.3649345184934827
2017-05-28 10:00:00,-3.2524073917573677
2017-05-28 11:00:00,-3.877651532382364
2017-05-28 12:00:00,-4.038225367184717
2017-05-28 13:00:00,-3.7315198049518106
2017-05-28 14:00:00,-3.037609757208754
2017-05-28 15:00:00,-0.8321030297782004
2017-05-28 16:00:00,1.9799710804648554
2017-05-28 17:00:00,4.147256236714858
2017-05-28 18:00:00,5.344668346089858
2017-05-28 19:00:00,6.413027721089854
2017-05-28 20:00:00,4.836305173346808
2017-05-28 21:00:00,5.640227699388465
2017-05-28 22:00:00,5.010575464145411
2017-05-28 23:00:00,4.682662052687078
2017-05-29 00:00:00,2.5494724910551323
2017-05-29 01:00:00,-0.2549274655420817
2017-05-29 02:00:00,-1.5835977129379195
2017-05-29 03:00:00,-1.9947603648476422
2017-05-29 04:00:00,-2.814329592278198
2017-05-29 05:00:00,-2.8694945228337545
2017-05-29 06:00:00,-2.6091022702295934
2017-05-29 07:00:00,-2.9670802433198755
2017-05-29 08:00:00,-3.0462143579032013
2017-05-29 09:00:00,-3.2842053518268113
2017-05-29 10:00:00,-3.1185532250907038
2017-05-29 11:00:00,-2.321748754604588
2017-05-29 12:00:00,-2.2613156449624974
2017-05-29 13:00:00,-2.1520059160629206
2017-05-29 14:00:00,-3.4745889238754177
2017-05-29 15:00:00,-1.4966863631115297
2017-05-29 16:00:00,1.563825247131524
2017-05-29 17:00:00,3.410797903381523
2017-05-29 18:00:00,4.8550850127565255
2017-05-29 19:00:00,5.289416609978744
2017-05-29 20:00:00,6.46425656223569
2017-05-29 21:00:00,6.495262421610686
2017-05-29 22:00:00,4.4491171308120805
2017-05-29 23:00:00,0.7538426082426248
2017-05-30 00:00:00,-0.9151108422782048
2017-05-30 01:00:00,-1.7200316322087552
2017-05-30 02:00:00,-0.6693616018268109
2017-05-30 03:00:00,-0.8921561981809782
2017-05-30 04:00:00,-0.9757879256115372
2017-05-30 05:00:00,-1.3925848006115356
2017-05-30 06:00:00,-2.549727270229594
2017-05-30 07:00:00,-2.187566354430981
2017-05-30 08:00:00,-1.338054635680976
2017-05-30 09:00:00,-1.2284761851601456
2017-05-30 10:00:00,-1.9560532250907041
2017-05-30 11:00:00,-1.9427556990490373
2017-05-30 12:00:00,-2.1722531449624984
2017-05-30 13:00:00,-2.0754434160629174
2017-05-30 14:00:00,-1.5344847572087534
2017-05-30 15:00:00,0.06668169244402566
2017-05-30 16:00:00,2.6990683026870794
2017-05-30 17:00:00,4.255589570048189
2017-05-30 18:00:00,5.193973901645414
2017-05-30 19:00:00,5.606083276645418
2017-05-30 20:00:00,4.575367673346804
2017-05-30 21:00:00,-0.7979667450559766
2017-05-30 22:00:00,1.1789782419231933
2017-05-30 23:00:00,-6.380358780646258
2017-05-31 00:00:00,-2.4255275089448656
2017-05-31 01:00:00,-2.676281632208756
2017-05-31 02:00:00,-2.6849866018268145
2017-05-31 03:00:00,-1.3741006426254225
2017-05-31 04:00:00,-0.30929487005597434
2017-05-31 05:00:00,0.4985610327217973
2017-05-31 06:00:00,0.1310018964370805
2017-05-31 07:00:00,2.4438572566801327
2017-05-31 08:00:00,4.586250919874578
2017-05-31 09:00:00,5.6298571481731905
2017-05-31 10:00:00,6.889085663798191
2017-05-31 11:00:00,7.679292912062079
2017-05-31 12:00:00,8.344760743926397
2017-05-31 13:00:00,8.711188528381525
2017-05-31 14:00:00,7.739994409457914
2017-05-31 15:00:00,3.7239733591106896
2017-05-31 16:00:00,-2.9089178084240306
2017-05-31 17:00:00,-5.687465985507364
2017-05-31 18:00:00,-11.425470542799031
2017-05-31 19:00:00,-14.781243112243473
2017-05-31 20:00:00,-15.174111493319863
2017-05-31 21:00:00,-13.17609174505598
2017-05-31 22:00:00,-13.566855091410138
2017-05-31 23:00:00,-11.81560183620181
2017-06-01 00:00:00,-5.8277844533893095
2017-06-01 01:00:00,1.4275378122356877
2017-06-01 02:00:00,4.588624509284301
2017-06-01 03:00:00,6.101941024041243
2017-06-01 04:00:00,6.034107907721798
2017-06-01 05:00:00,5.320262421610688
2017-06-01 06:00:00,3.881869951992633
2017-06-01 07:00:00,3.340905867791246
2017-06-01 08:00:00,2.8048273087634676
2017-06-01 09:00:00,1.572739092617633
2017-06-01 10:00:00,1.2060995526870766
2017-06-01 11:00:00,1.7046401342843023
2017-06-01 12:00:00,0.6635107439263965
2017-06-01 13:00:00,0.24243852838152158
2017-06-01 14:00:00,0.19155690945791193
2017-06-01 15:00:00,1.414077525777354
2017-06-01 16:00:00,3.792297469353743
2017-06-01 17:00:00,0.811492347825963
2017-06-01 18:00:00,5.030605846089852
2017-06-01 19:00:00,-0.8279445011323716
2017-06-01 20:00:00,-2.0848753822087502
2017-06-01 21:00:00,-4.514980633944866
2017-06-01 22:00:00,-5.56963286918792
2017-06-01 23:00:00,-4.4171643362018145
2017-06-02 00:00:00,-1.1060830645004192
2017-06-02 01:00:00,0.8969822566801327
2017-06-02 02:00:00,0.3125828426176387
2017-06-02 03:00:00,0.08614241293013425
2017-06-02 04:00:00,0.31605235216624106
2017-06-02 05:00:00,0.5457832549440216
2017-06-02 06:00:00,0.331001896437078
2017-06-02 07:00:00,0.16920447890235302
2017-06-02 08:00:00,-0.4660060245698645
2017-06-02 09:00:00,-1.2616359073823684
2017-06-02 10:00:00,-1.5826157250906991
2017-06-02 11:00:00,-1.5483112546045827
2017-06-02 12:00:00,-2.8666975894069378
2017-06-02 13:00:00,-3.243672582729589
2017-06-02 14:00:00,-3.2271930905420856
2017-06-02 15:00:00,-2.164047474222646
2017-06-02 16:00:00,0.1990683026870832
2017-06-02 17:00:00,2.496561792270411
2017-06-02 18:00:00,4.576960012756523
2017-06-02 19:00:00,6.202437443312082
2017-06-02 20:00:00,6.475020451124578
2017-06-02 21:00:00,6.174776310499585
2017-06-02 22:00:00,5.368387964145416
2017-06-02 23:00:00,4.594120386020414
2017-06-03 00:00:00,3.0189169354995844
2017-06-03 01:00:00,0.34819753445790624
2017-06-03 02:00:00,-1.133944935160141
2017-06-03 03:00:00,-2.3190659204031983
2017-06-03 04:00:00,-3.166760147833755
2017-06-03 05:00:00,-3.256994522833759
2017-06-03 06:00:00,-3.2908731035629266
2017-06-03 07:00:00,-2.981142743319868
2017-06-03 08:00:00,-2.6521171356809727
2017-06-03 09:00:00,-2.517365074049028
2017-06-03 10:00:00,-1.781921280646257
2017-06-03 11:00:00,-1.1464015323823649
2017-06-03 12:00:00,-1.5927392560736031
2017-06-03 13:00:00,-1.6053045271740292
2017-06-03 14:00:00,-0.11955420165319453
2017-06-03 15:00:00,0.45609141466625136
2017-06-03 16:00:00,1.7542766360204196
2017-06-03 17:00:00,-1.6211465410629113
2017-06-03 18:00:00,-0.15290109835457955
2017-06-03 19:00:00,4.407124943312084
2017-06-03 20:00:00,4.036305173346808
2017-06-03 21:00:00,4.638838810499582
2017-06-03 22:00:00,4.274637964145416
2017-06-03 23:00:00,4.306273163798192
2017-06-04 00:00:00,2.8414863799440244
2017-06-04 01:00:00,0.39854475668013123
2017-06-04 02:00:00,-1.1351602129379224
2017-06-04 03:00:00,-1.717850642625426
2017-06-04 04:00:00,-2.2323851478337575
2017-06-04 05:00:00,-2.531820911722649
2017-06-04 06:00:00,-2.7202133813407023
2017-06-04 07:00:00,-2.712392743319871
2017-06-04 08:00:00,-2.5941310245698688
2017-06-04 09:00:00,-2.3918442407157023
2017-06-04 10:00:00,-2.3143865584240384
2017-06-04 11:00:00,-2.2156723657157027
2017-06-04 12:00:00,-1.6028087005180485
2017-06-04 13:00:00,-1.0283948049518106
2017-06-04 14:00:00,-0.5126097572087556
2017-06-04 15:00:00,0.3895983591106935
2017-06-04 16:00:00,1.0350058026870832
2017-06-04 17:00:00,0.8083673478259694
2017-06-04 18:00:00,2.235466957200966
2017-06-04 19:00:00,4.241152721089861
2017-06-04 20:00:00,4.739603784457923
2017-06-04 21:00:00,4.558977699388478
2017-06-04 22:00:00,4.6963393530343005
2017-06-04 23:00:00,3.919293997131522
2017-06-05 00:00:00,2.9966947132773587
2017-06-05 01:00:00,0.14281559001347333
2017-06-05 02:00:00,-1.6931463240490352
2017-06-05 03:00:00,-2.569760364847645
2017-06-05 04:00:00,-3.0697115367226493
2017-06-05 05:00:00,-3.0646334117226406
2017-06-05 06:00:00,-2.6035467146740334
2017-06-05 07:00:00,-3.218469132208753
2017-06-05 08:00:00,-3.288228246792091
2017-06-05 09:00:00,-3.348094240715705
2017-06-05 10:00:00,-3.322199058424035
2017-06-05 11:00:00,-3.226089032382367
2017-06-05 12:00:00,-3.152982311629165
2017-06-05 13:00:00,-3.28811702717403
2017-06-05 14:00:00,-3.1353528127643084
2017-06-05 15:00:00,-1.2411308075559786
2017-06-05 16:00:00,1.2917766360204104
2017-06-05 17:00:00,3.740832625603746
2017-06-05 18:00:00,5.47487667942319
2017-06-05 19:00:00,6.149659665534305
2017-06-05 20:00:00,5.561999617791251
2017-06-05 21:00:00,5.4643596438329105
2017-06-05 22:00:00,5.705887964145418
2017-06-05 23:00:00,5.177280108242634
2017-06-06 00:00:00,3.7329794354995744
2017-06-06 01:00:00,0.9883017011245734
2017-06-06 02:00:00,-1.530125490715701
2017-06-06 03:00:00,-2.6034409204032043
2017-06-06 04:00:00,-2.849572647833763
2017-06-06 05:00:00,-2.6356403561670927
2017-06-06 06:00:00,-2.3353175480073656
2017-06-06 07:00:00,-3.4302746877643084
2017-06-06 08:00:00,-4.113749080125423
2017-06-06 09:00:00,-4.807469240715703
2017-06-06 10:00:00,-4.6001504473129256
2017-06-06 11:00:00,-4.3340751434934806
2017-06-06 12:00:00,-4.649857311629164
2017-06-06 13:00:00,-4.185860082729588
2017-06-06 14:00:00,-3.5719847572087584
2017-06-06 15:00:00,-1.515609974222646
2017-06-06 16:00:00,1.4221585804648582
2017-06-06 17:00:00,4.350034014492634
2017-06-06 18:00:00,4.909425290534305
2017-06-06 19:00:00,5.9817777210898555
2017-06-06 20:00:00,6.206270451124585
2017-06-06 21:00:00,6.348734643832913
2017-06-06 22:00:00,6.019776853034308
2017-06-06 23:00:00,5.591516219353746
2017-06-07 00:00:00,4.062146102166244
2017-06-07 01:00:00,1.0707669789023555
2017-06-07 02:00:00,-1.1412366018268152
2017-06-07 03:00:00,-2.147885364847647
2017-06-07 04:00:00,-2.7403712589448714
2017-06-07 05:00:00,-2.800397300611534
2017-06-07 06:00:00,-2.8670883813407
2017-06-07 07:00:00,-3.065691354430978
2017-06-07 08:00:00,-3.3149643579031984
2017-06-07 09:00:00,-3.6453164629379184
2017-06-07 10:00:00,-3.2333101695351463
2017-06-07 11:00:00,-3.108727921271255
2017-06-07 12:00:00,-3.117044811629162
2017-06-07 13:00:00,-2.4181517493962534
2017-06-07 14:00:00,-1.8740680905420906
2017-06-07 15:00:00,-0.06213775200041827
2017-06-07 16:00:00,2.2197280249092994
2017-06-07 17:00:00,4.682152070048188
2017-06-07 18:00:00,5.706647512756529
2017-06-07 19:00:00,6.740805498867637
2017-06-07 20:00:00,7.122937117791249
2017-06-07 21:00:00,3.1398804771662547
2017-06-07 22:00:00,-1.405570369187906
2017-06-07 23:00:00,0.05019677490930263
2017-06-08 00:00:00,0.1607572132773587
2017-06-08 01:00:00,-1.906837187764303
2017-06-08 02:00:00,-1.0197088240490295
2017-06-08 03:00:00,-1.8878159204031997
2017-06-08 04:00:00,-2.553218481167087
2017-06-08 05:00:00,-2.6071681339448602
2017-06-08 06:00:00,-2.3740328257851395
2017-06-08 07:00:00,-1.5222885766532013
2017-06-08 08:00:00,-0.02538102456986735
2017-06-08 09:00:00,1.5029474259509623
2017-06-08 10:00:00,2.4854398304648537
2017-06-08 11:00:00,3.089188745395411
2017-06-08 12:00:00,3.9339968550375053
2017-06-08 13:00:00,5.411188528381524
2017-06-08 14:00:00,6.715515242791245
2017-06-08 15:00:00,6.5168553035551335
2017-06-08 16:00:00,2.534311358242636
2017-06-08 17:00:00,-0.9527437632851434
2017-06-08 18:00:00,-0.337623320576812
2017-06-08 19:00:00,-3.259888945576808
2017-06-08 20:00:00,-4.970812882208747
2017-06-08 21:00:00,-9.675397300611532
2017-06-08 22:00:00,-12.112688424743473
2017-06-08 23:00:00,-12.356921280646256
2017-06-09 00:00:00,-10.592888620055977
2017-06-09 01:00:00,-5.312392743319865
2017-06-09 02:00:00,-1.4905421573823663
2017-06-09 03:00:00,0.44951046848568943
2017-06-09 04:00:00,1.6650106854995759
2017-06-09 05:00:00,3.062449921610688
2017-06-09 06:00:00,4.626314396437077
2017-06-09 07:00:00,5.642815590013468
2017-06-09 08:00:00,6.723924530985692
2017-06-09 09:00:00,7.572912703728743
2017-06-09 10:00:00,7.973113441575962
2017-06-09 11:00:00,8.339883189839856
2017-06-09 12:00:00,8.598406577259723
2017-06-09 13:00:00,8.333063528381523
2017-06-09 14:00:00,7.946070798346797
2017-06-09 15:00:00,5.105570581332908
2017-06-09 16:00:00,0.7733738582426322
2017-06-09 17:00:00,-4.828959041062925
2017-06-09 18:00:00,-11.190053876132367
2017-06-09 19:00:00,-13.819784778910144
2017-06-09 20:00:00,-15.460917048875418
2017-06-09 21:00:00,-11.535119522833753
2017-06-09 22:00:00,-11.861646758076807
2017-06-09 23:00:00,-10.751886558424031
2017-06-10 00:00:00,-7.959555286722644
2017-06-10 01:00:00,-2.3985038544309774
2017-06-10 02:00:00,2.4290758981731884
2017-06-10 03:00:00,3.963052135152357
2017-06-10 04:00:00,5.3716079077218
2017-06-10 05:00:00,5.570262421610688
2017-06-10 06:00:00,5.984994951992633
2017-06-10 07:00:00,6.9508017011245755
2017-06-10 08:00:00,7.062292586541244
2017-06-10 09:00:00,6.798433537062075
2017-06-10 10:00:00,6.329884274909299
2017-06-10 11:00:00,6.659154023173188
2017-06-10 12:00:00,7.009517688370837
2017-06-10 13:00:00,6.17195241727041
2017-06-10 14:00:00,4.463779131680131
2017-06-10 15:00:00,4.457653914666245
2017-06-10 16:00:00,-0.34450808620181106
2017-06-10 17:00:00,-4.299445152174034
2017-06-10 18:00:00,-7.930852487243479
2017-06-10 19:00:00,-11.378986167799031
2017-06-10 20:00:00,-12.382444826653195
2017-06-10 21:00:00,-8.97452924505598
2017-06-10 22:00:00,-6.960952313632365
2017-06-10 23:00:00,-4.3749768362018155
2017-06-11 00:00:00,2.1758613799440205
2017-06-11 01:00:00,1.883614201124578
2017-06-11 02:00:00,1.6778606203954087
2017-06-11 03:00:00,1.7998576907079116
2017-06-11 04:00:00,1.8959134632773536
2017-06-11 05:00:00,2.4582832549440212
2017-06-11 06:00:00,3.277703285325968
2017-06-11 07:00:00,3.8650378122356885
2017-06-11 08:00:00,4.467153697652355
2017-06-11 09:00:00,5.185065481506521
2017-06-11 10:00:00,7.115300941575965
2017-06-11 11:00:00,6.3654040231731885
2017-06-11 12:00:00,7.169760743926394
2017-06-11 13:00:00,7.907889917270411
2017-06-11 14:00:00,7.370723576124577
2017-06-11 15:00:00,3.295153914666242
2017-06-11 16:00:00,-3.3019733639795916
2017-06-11 17:00:00,-9.147535429951812
2017-06-11 18:00:00,-14.432414987243481
2017-06-11 19:00:00,-17.428812556687923
2017-06-11 20:00:00,-14.732792048875421
2017-06-11 21:00:00,-4.410293133944869
2017-06-11 22:00:00,-1.2387300914101402
2017-06-11 23:00:00,-2.6812268362018123
2017-06-12 00:00:00,-2.317888620055978
2017-06-12 01:00:00,2.016426701124577
2017-06-12 02:00:00,4.627513398173189
2017-06-12 03:00:00,3.8606215795968
2017-06-12 04:00:00,4.0419204077218
2017-06-12 05:00:00,1.8320679771662451
2017-06-12 06:00:00,1.8653768964370778
2017-06-12 07:00:00,0.37146142334679944
2017-06-12 08:00:00,0.18260508654124585
2017-06-12 09:00:00,0.3859335370620762
2017-06-12 10:00:00,1.8512384415759655
2017-06-12 11:00:00,5.395265134284299
2017-06-12 12:00:00,6.053441299481949
2017-06-12 13:00:00,6.340181583937078
2017-06-12 14:00:00,5.156661076124578
2017-06-12 15:00:00,1.9510566924440211
2017-06-12 16:00:00,-3.429751141757368
2017-06-12 17:00:00,-6.370452096618479
2017-06-12 18:00:00,-10.627901098354592
2017-06-12 19:00:00,-12.291486167799034
2017-06-12 20:00:00,-9.043903159986531
2017-06-12 21:00:00,-4.742063967278204
2017-06-12 22:00:00,-4.3541814802990295
2017-06-12 23:00:00,-3.802928225090703
2017-06-13 00:00:00,-2.6378538978337556
2017-06-13 01:00:00,3.8284058677912434
2017-06-13 02:00:00,4.526645342617632
2017-06-13 03:00:00,4.583885468485688
2017-06-13 04:00:00,3.950948185499577
2017-06-13 05:00:00,3.643699921610689
2017-06-13 06:00:00,3.0160713408815214
2017-06-13 07:00:00,2.3193780900134655
2017-06-13 08:00:00,1.333820364319024
2017-06-13 09:00:00,1.2729127037287444
2017-06-13 10:00:00,0.7578356637981845
2017-06-13 11:00:00,0.16436235650652442
2017-06-13 12:00:00,-0.6581906449624952
2017-06-13 13:00:00,-1.1976656382851445
2017-06-13 14:00:00,-1.1744153127643102
2017-06-13 15:00:00,-0.9954710853337563
2017-06-13 16:00:00,-1.2665566973129232
2017-06-13 17:00:00,-1.6567368188407023
2017-06-13 18:00:00,-1.2522066539101466
2017-06-13 19:00:00,-1.1223889455768088
2017-06-13 20:00:00,-0.20293093776430737
2017-06-13 21:00:00,0.5758179771662455
2017-06-13 22:00:00,1.6354018530343026
2017-06-13 23:00:00,2.336655108242635
2017-06-14 00:00:00,2.499993324388466
2017-06-14 01:00:00,1.7801419789023534
2017-06-14 02:00:00,1.358416175950964
2017-06-14 03:00:00,1.0054132462634664
2017-06-14 04:00:00,0.5639690188329132
2017-06-14 05:00:00,0.6754707549440244
2017-06-14 06:00:00,0.17457828532596764
2017-06-14 07:00:00,-0.22819135443097416
2017-06-14 08:00:00,-0.6095824134587495
2017-06-14 09:00:00,-0.9566011851601441
2017-06-14 10:00:00,-1.2558796139795891
2017-06-14 11:00:00,-1.1165404212712584
2017-06-14 12:00:00,-1.014614256073612
2017-06-14 13:00:00,-1.1934989716184763
2017-06-14 14:00:00,-1.4648667016532038
2017-06-14 15:00:00,-1.1510266408893122
2017-06-14 16:00:00,-1.0931191973129246
2017-06-14 17:00:00,-0.6647229299518127
2017-06-14 18:00:00,0.4762655683120798
2017-06-14 19:00:00,1.3350763322009662
2017-06-14 20:00:00,1.8534926733468033
2017-06-14 21:00:00,2.4105401993884676
2017-06-14 22:00:00,2.8215129641454197
2017-06-14 23:00:00,3.1838773304648527
2017-06-15 00:00:00,2.92343082438847
2017-06-15 01:00:00,1.410871145569022
2017-06-15 02:00:00,0.46570784261763265
2017-06-15 03:00:00,0.2717326907079114
2017-06-15 04:00:00,-0.016065703389313235
2017-06-15 05:00:00,-0.27800146727819985
2017-06-15 06:00:00,-0.7410467146740345
2017-06-15 07:00:00,-1.0318371877643138
2017-06-15 08:00:00,-1.0814574134587556
2017-06-15 09:00:00,-1.4163234073823663
2017-06-15 10:00:00,-2.1338310028684777
2017-06-15 11:00:00,-2.382686254604584
2017-06-15 12:00:00,-2.766871200518045
2017-06-15 13:00:00,-2.796797582729587
2017-06-15 14:00:00,-3.187436146097644
2017-06-15 15:00:00,-2.259186363111538
2017-06-15 16:00:00,-1.070723363979594
2017-06-15 17:00:00,0.4418742922704073
2017-06-15 18:00:00,1.5707100127565212
2017-06-15 19:00:00,2.3399374433120776
2017-06-15 20:00:00,2.7321385066801334
2017-06-15 21:00:00,2.202727699388465
2017-06-15 22:00:00,3.1772421308120684
2017-06-15 23:00:00,3.7600926082426263
2017-06-16 00:00:00,3.079507213277351
2017-06-16 01:00:00,1.221461423346799
2017-06-16 02:00:00,-0.5148477129379252
2017-06-16 03:00:00,-0.9714964759587579
2017-06-16 04:00:00,-0.865197647833754
2017-06-16 05:00:00,-0.3931056339448684
2017-06-16 06:00:00,-0.08010921467403698
2017-06-16 07:00:00,-0.46829552109764805
2017-06-16 08:00:00,-1.4241657467920934
2017-06-16 09:00:00,-1.9838581296045952
2017-06-16 10:00:00,-2.41959489175737
2017-06-16 11:00:00,-2.38355431016015
2017-06-16 12:00:00,-1.783190644962497
2017-06-16 13:00:00,-2.447492027174036
2017-06-16 14:00:00,-2.4839639238754234
2017-06-16 15:00:00,-1.3041516408893115
2017-06-16 16:00:00,0.1357002471315225
2017-06-16 17:00:00,1.2792006811593009
2017-06-16 18:00:00,2.784946123867627
2017-06-16 19:00:00,3.6897638322009705
2017-06-16 20:00:00,3.2361315622356983
2017-06-16 21:00:00,0.9848457549440184
2017-06-16 22:00:00,3.718561575256526
2017-06-16 23:00:00,3.7080092749092977
2017-06-17 00:00:00,2.5385349910551387
2017-06-17 01:00:00,0.5648642011245748
2017-06-17 02:00:00,-0.7754379907156945
2017-06-17 03:00:00,-1.300142309292089
2017-06-17 04:00:00,-1.2461004256115293
2017-06-17 05:00:00,-0.856473689500417
2017-06-17 06:00:00,-0.7611856035629181
2017-06-17 07:00:00,-1.1481566322087495
2017-06-17 08:00:00,-1.2871865801254145
2017-06-17 09:00:00,-1.2206636851601385
2017-06-17 10:00:00,-1.331921280646256
2017-06-17 11:00:00,-2.02990847682681
2017-06-17 12:00:00,-2.2932600894069424
2017-06-17 13:00:00,-2.7922836938407016
2017-06-17 14:00:00,-2.180318090542091
2017-06-17 15:00:00,-1.4678669186670943
2017-06-17 16:00:00,-3.3083969750906963
2017-06-17 17:00:00,1.2925687367148537
2017-06-17 18:00:00,2.9967516794231877
2017-06-17 19:00:00,3.1803888322009577
2017-06-17 20:00:00,3.4500204511245833
2017-06-17 21:00:00,3.828074921610682
2017-06-17 22:00:00,3.7687351863676284
2017-06-17 23:00:00,3.4713773304648576
2017-06-18 00:00:00,2.512146102166243
2017-06-18 01:00:00,0.9169475344579112
2017-06-18 02:00:00,-0.7400213240490245
2017-06-18 03:00:00,-1.2390311981809718
2017-06-18 04:00:00,-1.5492254256115343
2017-06-18 05:00:00,-1.4682792450559745
2017-06-18 06:00:00,-1.8450397702295867
2017-06-18 07:00:00,-1.7488510766532048
2017-06-18 08:00:00,-1.6111449134587552
2017-06-18 09:00:00,-1.9963581296045945
2017-06-18 10:00:00,-2.7869560028684806
2017-06-18 11:00:00,-2.842061254604591
2017-06-18 12:00:00,-2.2842323116291627
2017-06-18 13:00:00,-2.64037397161848
2017-06-18 14:00:00,-3.073026423875426
2017-06-18 15:00:00,-1.9192558075559836
2017-06-18 16:00:00,0.03153358046485466
2017-06-18 17:00:00,1.671561792270408
2017-06-18 18:00:00,2.764980846089852
2017-06-18 19:00:00,2.976222165534299
2017-06-18 20:00:00,3.4422079511245904
2017-06-18 21:00:00,3.893352699388469
2017-06-18 22:00:00,3.951721297478759
2017-06-18 23:00:00,3.130231497131529
2017-06-19 00:00:00,3.5267294354995844
2017-06-19 01:00:00,1.806357256680144
2017-06-19 02:00:00,2.2686592315065255
2017-06-19 03:00:00,0.5055868573745839
2017-06-19 04:00:00,-0.5414129256115308
2017-06-19 05:00:00,-0.02105702283375166
2017-06-19 06:00:00,-1.1365328257851424
2017-06-19 07:00:00,-2.275413576653195
2017-06-19 08:00:00,-2.785103246792083
2017-06-19 09:00:00,-2.5651081296045835
2017-06-19 10:00:00,-2.6402546139795913
2017-06-19 11:00:00,-2.7469223657157027
2017-06-19 12:00:00,-2.8632253671847145
2017-06-19 13:00:00,-3.5094711938406995
2017-06-19 14:00:00,-3.1271930905420895
2017-06-19 15:00:00,-2.06769330755598
2017-06-19 16:00:00,-0.2422511417573625
2017-06-19 17:00:00,1.8238187367148537
2017-06-19 18:00:00,3.385466957200965
2017-06-19 19:00:00,3.744624943312072
2017-06-19 20:00:00,4.393596840013473
2017-06-19 21:00:00,4.5850193660551355
2017-06-19 22:00:00,4.4378324085898555
2017-06-19 23:00:00,3.367037052687074
2017-06-20 00:00:00,2.2277711021662423
2017-06-20 01:00:00,0.9777114233468005
2017-06-20 02:00:00,-0.4335977129379245
2017-06-20 03:00:00,-0.9685450870698711
2017-06-20 04:00:00,-1.4112045922782022
2017-06-20 05:00:00,-2.0689736895004245
2017-06-20 06:00:00,-2.0702133813407
2017-06-20 07:00:00,-2.1408649655420877
2017-06-20 08:00:00,-2.484235191236534
2017-06-20 09:00:00,-2.053823407382371
2017-06-20 10:00:00,-2.1154282250907013
2017-06-20 11:00:00,-2.8500473657156977
2017-06-20 12:00:00,-2.853155922740269
2017-06-20 13:00:00,-2.9891586938406967
2017-06-20 14:00:00,-2.7534083683198602
2017-06-20 15:00:00,-1.712484974222643
2017-06-20 16:00:00,-0.08461225286847607
2017-06-20 17:00:00,1.7710409589370801
2017-06-20 18:00:00,2.899355846089854
2017-06-20 19:00:00,3.1458402210898555
2017-06-20 20:00:00,3.969291284457917
2017-06-20 21:00:00,4.333630477166242
2017-06-20 22:00:00,4.349464353034296
2017-06-20 23:00:00,3.9396064971315212
2017-06-21 00:00:00,2.8142294354995823
2017-06-21 01:00:00,0.7110447566801348
2017-06-21 02:00:00,-0.7783893796045902
2017-06-21 03:00:00,-1.4636839759587597
2017-06-21 04:00:00,-1.5530448700559765
2017-06-21 05:00:00,-1.5139389672782002
2017-06-21 06:00:00,-2.1663939368962595
2017-06-21 07:00:00,-1.8224621877643106
2017-06-21 08:00:00,-2.194131024569865
2017-06-21 09:00:00,-2.3286497962712573
2017-06-21 10:00:00,-2.099976836201815
2017-06-21 11:00:00,-2.5028251434934745
2017-06-21 12:00:00,-2.6127045338513817
2017-06-21 13:00:00,-2.279957304951809
2017-06-21 14:00:00,-2.098026423875421
2017-06-21 15:00:00,-1.254498863111535
2017-06-21 16:00:00,0.2579224693537461
2017-06-21 17:00:00,1.4809367922704144
2017-06-21 18:00:00,2.3220989016454077
2017-06-21 19:00:00,3.3013957766454105
2017-06-21 20:00:00,4.002624617791248
2017-06-21 21:00:00,4.265574921610689
2017-06-21 22:00:00,3.7218601863676355
2017-06-21 23:00:00,3.200717608242634
2017-06-22 00:00:00,2.0649238799440273
2017-06-22 01:00:00,1.6740655900134698
2017-06-22 02:00:00,-0.005125490715691683
2017-06-22 03:00:00,-1.2713228648476376
2017-06-22 04:00:00,-1.983426814500418
2017-06-22 05:00:00,-1.793452856167086
2017-06-22 06:00:00,-1.9693453257851452
2017-06-22 07:00:00,-1.764823298875422
2017-06-22 08:00:00,-2.212186580125424
2017-06-22 09:00:00,-2.70191368516015
2017-06-22 10:00:00,-2.8892129473129273
2017-06-22 11:00:00,-3.1630681990490377
2017-06-22 12:00:00,-3.4981212005180513
2017-06-22 13:00:00,-3.053394804951811
2017-06-22 14:00:00,-2.8247625349865366
2017-06-22 15:00:00,-1.808318307555985
2017-06-22 16:00:00,0.37788774713151896
2017-06-22 17:00:00,1.6668742922704087
2017-06-22 18:00:00,2.9214044572009605
2017-06-22 19:00:00,4.227784665534305
2017-06-22 20:00:00,4.917034340013469
2017-06-22 21:00:00,4.721477699388473
2017-06-22 22:00:00,4.781582408589866
2017-06-22 23:00:00,4.264432886020408
2017-06-23 00:00:00,3.014229435499578
2017-06-23 01:00:00,0.8759753122356919
2017-06-23 02:00:00,-0.5566879907157016
2017-06-23 03:00:00,-1.0322603648476454
2017-06-23 04:00:00,-1.0466212589448665
2017-06-23 05:00:00,-1.595362578389313
2017-06-23 06:00:00,-2.111880048007368
2017-06-23 07:00:00,-2.4327052433198677
2017-06-23 08:00:00,-2.384061580125426
2017-06-23 09:00:00,-2.457816462937929
2017-06-23 10:00:00,-2.5067476695351445
2017-06-23 11:00:00,-2.428519587937922
2017-06-23 12:00:00,-2.702982311629164
2017-06-23 13:00:00,-2.932040638285148
2017-06-23 14:00:00,-2.642991701653205
2017-06-23 15:00:00,-1.4373113631115357
2017-06-23 16:00:00,0.21330441379818255
2017-06-23 17:00:00,1.8193048478259595
2017-06-23 18:00:00,3.0012655683120784
2017-06-23 19:00:00,3.977090221089856
2017-06-23 20:00:00,4.6330065622356855
2017-06-23 21:00:00,5.0232138104995805
2017-06-23 22:00:00,4.817867130812083
2017-06-23 23:00:00,5.006793997131531
2017-06-24 00:00:00,3.8392294354995773
2017-06-24 01:00:00,1.8742392011245776
2017-06-24 02:00:00,-0.0908893796045831
2017-06-24 03:00:00,-0.8581284204031983
2017-06-24 04:00:00,-1.6943643145004144
2017-06-24 05:00:00,-2.3734875783893123
2017-06-24 06:00:00,-3.6617064368962566
2017-06-24 07:00:00,-3.883226076653198
2017-06-24 08:00:00,-4.0434365801254195
2017-06-24 09:00:00,-4.082816462937924
2017-06-24 10:00:00,-3.928101836201815
2017-06-24 11:00:00,-3.253172365715699
2017-06-24 12:00:00,-2.5696489782958274
2017-06-24 13:00:00,-1.6816934160629202
2017-06-24 14:00:00,-1.075283368319866
2017-06-24 15:00:00,1.183001136888465
2017-06-24 16:00:00,4.259311358242636
2017-06-24 17:00:00,6.929721514492636
2017-06-24 18:00:00,7.814633623867643
2017-06-24 19:00:00,7.719972165534305
2017-06-24 20:00:00,7.1170343400134755
2017-06-24 21:00:00,7.286581866055133
2017-06-24 22:00:00,-0.8887300914101388
2017-06-24 23:00:00,-11.151712947312923
2017-06-25 00:00:00,-16.41563167561153
2017-06-25 01:00:00,-8.8066635766532
2017-06-25 02:00:00,-2.5783893796045874
2017-06-25 03:00:00,0.1982951907079089
2017-06-25 04:00:00,0.4778579077218028
2017-06-25 05:00:00,1.0850193660551355
2017-06-25 06:00:00,1.6228421742148527
2017-06-25 07:00:00,0.7488919789023569
2017-06-25 08:00:00,0.37288286431902584
2017-06-25 09:00:00,0.5734335370620798
2017-06-25 10:00:00,0.1611342749093012
2017-06-25 11:00:00,-0.010811254604586651
2017-06-25 12:00:00,-1.3481212005180456
2017-06-25 13:00:00,-2.0249225827295874
2017-06-25 14:00:00,-2.5455958683198627
2017-06-25 15:00:00,-1.4864433075559758
2017-06-25 16:00:00,0.46642941379819036
2017-06-25 17:00:00,2.111145125603743
2017-06-25 18:00:00,2.7448419572009612
2017-06-25 19:00:00,3.347576332200962
2017-06-25 20:00:00,3.9425551733467934
2017-06-25 21:00:00,4.252380477166234
2017-06-25 22:00:00,4.373769908589853
2017-06-25 23:00:00,3.9321412193537384
2017-06-26 00:00:00,2.9494724910551238
2017-06-26 01:00:00,1.3172947566801305
2017-06-26 02:00:00,-0.6573824351601445
2017-06-26 03:00:00,-1.9794825870698682
2017-06-26 04:00:00,-2.6627670922782007
2017-06-26 05:00:00,-2.9153278561670906
2017-06-26 06:00:00,-2.537748103562924
2017-06-26 07:00:00,-1.870378854430978
2017-06-26 08:00:00,-1.6326726912365306
2017-06-26 09:00:00,-1.6225734073823688
2017-06-26 10:00:00,-1.8756712806462588
2017-06-26 11:00:00,-1.783207087937928
2017-06-26 12:00:00,-1.7142670338513888
2017-06-26 13:00:00,-1.9441934160629195
2017-06-26 14:00:00,-2.086568090542084
2017-06-26 15:00:00,-1.2425196964448686
2017-06-26 16:00:00,0.06972802490929753
2017-06-26 17:00:00,1.1948256811592994
2017-06-26 18:00:00,2.805953068312082
2017-06-26 19:00:00,3.6552152210898505
2017-06-26 20:00:00,3.838388506680147
2017-06-26 21:00:00,4.4558526993884655
2017-06-26 22:00:00,4.709881019700969
2017-06-26 23:00:00,4.386481497131516
2017-06-27 00:00:00,3.3774238799440166
2017-06-27 01:00:00,1.2971558677912398
2017-06-27 02:00:00,-1.1490491018268152
2017-06-27 03:00:00,-1.8268784204032018
2017-06-27 04:00:00,-2.6811698700559754
2017-06-27 05:00:00,-3.0172375783893113
2017-06-27 06:00:00,-2.9193453257851463
2017-06-27 07:00:00,-2.54451079887542
2017-06-27 08:00:00,-2.5215615801254234
2017-06-27 09:00:00,-3.1656289629379266
2017-06-27 10:00:00,-3.7360879473129245
2017-06-27 11:00:00,-4.056991810160143
2017-06-27 12:00:00,-4.250725367184716
2017-06-27 13:00:00,-4.406693416062923
2017-06-27 14:00:00,-4.152713923875423
2017-06-27 15:00:00,-2.407971085333755
2017-06-27 16:00:00,0.5528877471315232
2017-06-27 17:00:00,3.10229095893707
2017-06-27 18:00:00,4.867758623867633
2017-06-27 19:00:00,5.9229235544231855
2017-06-27 20:00:00,6.477624617791243
2017-06-27 21:00:00,6.537797143832908
2017-06-27 22:00:00,6.387311575256518
2017-06-27 23:00:00,5.6239814971315205
2017-06-28 00:00:00,4.147389157721799
2017-06-28 01:00:00,1.682225312235687
2017-06-28 02:00:00,-0.5898477129379209
2017-06-28 03:00:00,-1.5879895315143093
2017-06-28 04:00:00,-2.2240518145004264
2017-06-28 05:00:00,-3.0042167450559774
2017-06-28 06:00:00,-3.1380953257851427
2017-06-28 07:00:00,-3.5747191322087524
2017-06-28 08:00:00,-3.9798949134587485
2017-06-28 09:00:00,-4.454691462937921
2017-06-28 10:00:00,-4.326192113979593
2017-06-28 11:00:00,-4.46654042127126
2017-06-28 12:00:00,-4.335273978295833
2017-06-28 13:00:00,-3.9554781382851427
2017-06-28 14:00:00,-3.561741701653199
2017-06-28 15:00:00,-2.252589140889307
2017-06-28 16:00:00,0.5093113582426361
2017-06-28 17:00:00,2.366874292270415
2017-06-28 18:00:00,4.017237790534303
2017-06-28 19:00:00,5.510597165534296
2017-06-28 20:00:00,6.2422079511245805
2017-06-28 21:00:00,6.821304088277362
2017-06-28 22:00:00,6.148075464145418
2017-06-28 23:00:00,5.6380439971315255
2017-06-29 00:00:00,4.252597491055132
2017-06-29 01:00:00,1.7846558677912476
2017-06-29 02:00:00,-0.5653685462712517
2017-06-29 03:00:00,-1.320628420403195
2017-06-29 04:00:00,-1.9108573700559761
2017-06-29 05:00:00,-2.5639389672781974
2017-06-29 06:00:00,-3.0439981035629256
2017-06-29 07:00:00,-3.4728094099865388
2017-06-29 08:00:00,-3.6946518579032013
2017-06-29 09:00:00,-3.686635907382371
2017-06-29 10:00:00,-4.164212947312922
2017-06-29 11:00:00,-4.615325143493477
2017-06-29 12:00:00,-4.380933700518048
2017-06-29 13:00:00,-4.384123971618477
2017-06-29 14:00:00,-4.172505590542089
2017-06-29 15:00:00,-2.4376585853337565
2017-06-29 16:00:00,0.26417246935374394
2017-06-29 17:00:00,2.540485403381515
2017-06-29 18:00:00,4.449182234978739
2017-06-29 19:00:00,5.415111054423189
2017-06-29 20:00:00,6.524152395569022
2017-06-29 21:00:00,6.785887421610688
2017-06-29 22:00:00,6.041825464145411
2017-06-29 23:00:00,5.216689830464851
2017-06-30 00:00:00,3.8114516577217987
2017-06-30 01:00:00,1.5346558677912476
2017-06-30 02:00:00,-0.8558199351601452
2017-06-30 03:00:00,-1.5270520315143097
2017-06-30 04:00:00,-1.8693643145004204
2017-06-30 05:00:00,-2.37869591172265
2017-06-30 06:00:00,-3.0439981035629256
2017-06-30 07:00:00,-3.3938163544309816
2017-06-30 08:00:00,-3.6267699134587588
2017-06-30 09:00:00,-3.48160118516015
2017-06-30 10:00:00,-3.5666435028684838
2017-06-30 11:00:00,-3.9608112546045913
2017-06-30 12:00:00,-4.178676756073607
2017-06-30 13:00:00,-3.769714249396257
2017-06-30 14:00:00,-3.4212903127643113
2017-06-30 15:00:00,-2.3124849742226443
2017-06-30 16:00:00,0.40740163602040824
2017-06-30 17:00:00,2.955415958937083
2017-06-30 18:00:00,4.786335012756524
2017-06-30 19:00:00,5.38472910997875
2017-06-30 20:00:00,5.935784340013477
2017-06-30 21:00:00,6.187449921610689
2017-06-30 22:00:00,5.7258532419232
2017-06-30 23:00:00,5.343773163798197
2017-07-01 00:00:00,4.235236379944029
2017-07-01 01:00:00,1.773023923346802
2017-07-01 02:00:00,-0.7650213240490338
2017-07-01 03:00:00,-1.8907673092920882
2017-07-01 04:00:00,-2.455301814500422
2017-07-01 05:00:00,-2.2061264672781995
2017-07-01 06:00:00,-2.5328869924518074
2017-07-01 07:00:00,-2.6426010766532
2017-07-01 08:00:00,-2.7821518579031963
2017-07-01 09:00:00,-2.6673650740490373
2017-07-01 10:00:00,-3.240428225090703
2017-07-01 11:00:00,-3.392929310160147
2017-07-01 12:00:00,-3.345690644962497
2017-07-01 13:00:00,-3.3766586938406995
2017-07-01 14:00:00,-3.1537555905420867
2017-07-01 15:00:00,-2.2435613631115308
2017-07-01 16:00:00,-0.1349594750906975
2017-07-01 17:00:00,1.9623604033815258
2017-07-01 18:00:00,3.180953068312075
2017-07-01 19:00:00,4.113722165534302
2017-07-01 20:00:00,5.090992673346808
2017-07-01 21:00:00,5.706026310499581
2017-07-01 22:00:00,6.054672686367642
2017-07-01 23:00:00,5.398460663798193
2017-07-02 00:00:00,4.198257213277364
2017-07-02 01:00:00,1.3962878122356948
2017-07-02 02:00:00,-0.6806463240490288
2017-07-02 03:00:00,-1.8815659204031947
2017-07-02 04:00:00,-2.6146768145004193
2017-07-02 05:00:00,-2.8340778561670863
2017-07-02 06:00:00,-3.4195189368962478
2017-07-02 07:00:00,-3.411351076653201
2017-07-02 08:00:00,-3.4318046356809777
2017-07-02 09:00:00,-3.1836845184934823
2017-07-02 10:00:00,-2.9963310028684766
2017-07-02 11:00:00,-3.571575143493474
2017-07-02 12:00:00,-3.233711478295824
2017-07-02 13:00:00,-3.3742281382851385
2017-07-02 14:00:00,-3.2391722572087502
2017-07-02 15:00:00,-1.9972071964448714
2017-07-02 16:00:00,-0.10353586397959247
2017-07-02 17:00:00,1.9519437367148544
2017-07-02 18:00:00,3.1668905683120734
2017-07-02 19:00:00,4.745319387756528
2017-07-02 20:00:00,5.586826006680138
2017-07-02 21:00:00,5.932588810499581
2017-07-02 22:00:00,5.635749075256523
2017-07-02 23:00:00,4.6659953860204055
2017-07-03 00:00:00,3.702423879944016
2017-07-03 01:00:00,1.1869128122356827
2017-07-03 02:00:00,-0.7155421573823659
2017-07-03 03:00:00,-1.6105589759587575
2017-07-03 04:00:00,-2.3256143145004247
2017-07-03 05:00:00,-2.303869522833759
2017-07-03 06:00:00,-1.6176092146740348
2017-07-03 07:00:00,-2.0196844099865334
2017-07-03 08:00:00,-2.4229504690143084
2017-07-03 09:00:00,-2.8607678518268074
2017-07-03 10:00:00,-2.8447685028684777
2017-07-03 11:00:00,-3.1462279212712563
2017-07-03 12:00:00,-3.1514198116291645
2017-07-03 13:00:00,-3.049748971618479
2017-07-03 14:00:00,-3.03240142387542
2017-07-03 15:00:00,-2.366130807555975
2017-07-03 16:00:00,-0.5571816973129253
2017-07-03 17:00:00,1.2753812367148551
2017-07-03 18:00:00,2.782862790534299
2017-07-03 19:00:00,3.966152721089845
2017-07-03 20:00:00,4.916860728902364
2017-07-03 21:00:00,5.7037693660551305
2017-07-03 22:00:00,5.211617130812083
2017-07-03 23:00:00,4.278842608242638
2017-07-04 00:00:00,3.3567641577218
2017-07-04 01:00:00,1.3643433677912498
2017-07-04 02:00:00,-0.3926254907156981
2017-07-04 03:00:00,-1.2626423092920875
2017-07-04 04:00:00,-2.0040865367226397
2017-07-04 05:00:00,-2.2563000783893123
2017-07-04 06:00:00,-2.1311508813407
2017-07-04 07:00:00,-2.5590941322087577
2017-07-04 08:00:00,-2.865137969014315
2017-07-04 09:00:00,-2.9131984073823745
2017-07-04 10:00:00,-2.428622669535148
2017-07-04 11:00:00,-2.663068199049034
2017-07-04 12:00:00,-2.7238156449624977
2017-07-04 13:00:00,
2017-07-04 14:00:00,
2017-07-04 15:00:00,
2017-07-04 16:00:00,
2017-07-04 17:00:00,
2017-07-04 18:00:00,
2017-07-04 19:00:00,
2017-07-04 20:00:00,
2017-07-04 21:00:00,
2017-07-04 22:00:00,
2017-07-04 23:00:00,
2017-07-05 00:00:00,
